AnchorID,LineColor,LineSize,LinePoints
77d16fa6-9a71-4530-9fa8-a1640fa5127a,4,1,0.1113508,1.066347,0.06940818;0.1220607,1.065731,0.06961204;0.1299058,1.059191,0.07038809;0.1354789,1.050436,0.07136228;0.1388681,1.039389,0.0725214;0.140765,1.028922,0.07393192;0.1380179,1.018807,0.07558354;0.1321138,1.009316,0.07729821;0.1252874,1.000564,0.07883368;0.1183003,0.9927205,0.08040832
be42b41e-7be0-4d57-8e4b-6c99306b423b,4,1,0.1908132,1.074611,0.05150866;0.1809842,1.072128,0.05241626;0.1767872,1.063268,0.05452514;0.173657,1.051964,0.05712724;0.1726628,1.040233,0.05921451;0.1725883,1.027973,0.06115462;0.1746057,1.017931,0.06265104;0.1769438,1.007849,0.06384362;0.1830082,0.9993798,0.06453162;0.1913095,0.9927364,0.06432839
12ae943a-f0e3-45e8-87da-5f8d6503706f,3,1,0.1730895,1.051959,0.03924443;0.1825293,1.047694,0.03909051;0.1928718,1.047918,0.03761773;0.2044341,1.049647,0.03555046;0.2146986,1.054183,0.03305539;0.2182142,1.064564,0.03037652;0.2159184,1.075856,0.02762125;0.2116816,1.085946,0.02498744;0.2015963,1.09114,0.02409993;0.2116331,1.087648,0.02655675;0.21618,1.096427,0.02430046;0.2155341,1.107681,0.02171248;0.2124879,1.117118,0.01997159;0.2054786,1.124806,0.01906291;0.1971021,1.130775,0.01856384;0.185884,1.134911,0.01863427;0.1748446,1.133544,0.02063429;0.1665608,1.127465,0.02454522;0.1686917,1.118439,0.02910416;0.1692326,1.128931,0.0267791;0.1593058,1.134891,0.02573388;0.1484696,1.138644,0.02557717;0.1382181,1.140514,0.02577498;0.1265566,1.140742,0.02635264;0.1161184,1.138745,0.02733915;0.1065959,1.133927,0.02952942;0.1031062,1.124575,0.03363515;0.1095767,1.116819,0.03727396;0.1020346,1.123078,0.03512696;0.0914065,1.124823,0.03388595;0.07991485,1.12358,0.03345296;0.07024863,1.120857,0.03359048;0.06491761,1.112063,0.03568664;0.06949063,1.102087,0.03911876;0.07755543,1.094215,0.04210323;0.08686564,1.09017,0.04389805;0.07725778,1.090986,0.04061991;0.06659815,1.088041,0.03952323;0.05821429,1.080405,0.0402101;0.05528754,1.070228,0.04219299;0.05870055,1.058898,0.04460366;0.06541071,1.049249,0.04650983;0.07477782,1.044528,0.04768818;0.08484236,1.040566,0.04841214;0.09486323,1.037545,0.04878327;0.1049145,1.034807,0.04903307;0.1154737,1.037645,0.04850468;0.1152347,1.047255,0.04498961
56945bc7-9001-4961-8339-d199d84662d3,1,1,0.1052025,1.316316,-0.02792975;0.1106798,1.323575,-0.03239401;0.1217713,1.32518,-0.03368936;0.1314508,1.322461,-0.03320321;0.1405986,1.317717,-0.03174902;0.148213,1.309837,-0.02883666;0.1542005,1.300313,-0.02465898;0.1582222,1.291039,-0.02049541;0.156356,1.280433,-0.01467386;0.1503967,1.272079,-0.008967794;0.140793,1.270661,-0.006407112;0.1309558,1.273284,-0.00593555;0.119907,1.277918,-0.00690259;0.1098886,1.28422,-0.009249181;0.1000073,1.291473,-0.01233621;0.09563044,1.299847,-0.0165161;0.09650045,1.310625,-0.02257302;0.1049637,1.316706,-0.02690705
91afc16c-0b4a-4544-b450-685838099748,1,1,0.1672707,1.333155,-0.04952531;0.1767644,1.335657,-0.05274461;0.1871655,1.337131,-0.05592078;0.1986178,1.3375,-0.05915098;0.2082785,1.337737,-0.06223273
7f8ffd12-d0ce-41f9-8aa6-3da88965f88e,1,1,0.183336,1.294151,-0.03274133;0.1939844,1.292764,-0.03404313;0.2050533,1.28951,-0.03481572;0.2161417,1.284545,-0.03526797;0.2257048,1.280369,-0.03592352
fe382463-09e8-4f84-bfec-68998137acdb,1,1,0.1640023,1.256948,-0.007149182;0.1700846,1.249323,-0.004344843;0.1784519,1.241834,-0.002916023;0.1861727,1.233837,-0.001297005;0.1921632,1.22571,0.0007099286
cbba606b-1689-4644-8aa5-e8756d1badb8,1,1,0.1237265,1.25386,0.001125395;0.114246,1.249387,0.00320179;0.1040471,1.244957,0.005740225;0.09470734,1.241685,0.008054122;0.08337861,1.241255,0.009342574
60ea3e83-f78b-4761-b80a-2a808d5077d8,1,1,0.07146904,1.273389,-0.00515496;0.06083263,1.273078,-0.004773676;0.05037107,1.272733,-0.004562177;0.0382521,1.273735,-0.005070597;0.02839186,1.276062,-0.006309733
ec1794c3-3460-400f-9417-301a469e2a12,1,1,0.08683899,1.307057,-0.02507411;0.07806901,1.313173,-0.02795757;0.06896293,1.318736,-0.0309706;0.05901869,1.325109,-0.03503963;0.04819065,1.328998,-0.03718521
9e506809-b17d-48e2-a4dd-f40a0326affc,1,1,0.1119713,1.330499,-0.041492;0.1039327,1.337851,-0.04531804;0.09727126,1.346354,-0.0510254;0.08940396,1.353446,-0.05533748;0.08199492,1.359298,-0.05992334
8d02011d-9e86-4406-a0f7-4db6009a0dd4,5,1,-0.1855909,1.275388,-0.04805043;-0.1846109,1.284727,-0.05285962;-0.17909,1.293162,-0.05596451;-0.1692732,1.298381,-0.05581718;-0.1585135,1.298907,-0.05299439;-0.1499396,1.295442,-0.04844336;-0.140079,1.298049,-0.04587628;-0.1300938,1.300868,-0.04552343;-0.1188672,1.299604,-0.04295124;-0.1100272,1.294639,-0.03868686;-0.1034388,1.288272,-0.03411829;-0.09391046,1.285594,-0.0317995;-0.08719651,1.279175,-0.02794065;-0.08338549,1.269924,-0.02311897;-0.08227479,1.258802,-0.01776251;-0.08626716,1.248185,-0.01354642;-0.09454203,1.242061,-0.01167507;-0.1060117,1.242484,-0.01323529;-0.11241,1.249462,-0.01763967;-0.113406,1.239784,-0.01504629;-0.1197584,1.231037,-0.01241197;-0.1292188,1.226367,-0.01182561;-0.1401932,1.226467,-0.0138322;-0.1503157,1.229266,-0.01703962;-0.1587141,1.23393,-0.02123158;-0.1623117,1.242123,-0.02593035;-0.1664447,1.232064,-0.02328936;-0.1776074,1.229333,-0.02452275;-0.1873736,1.233255,-0.02818783;-0.1936897,1.240972,-0.03301679;-0.1955863,1.249663,-0.03761013;-0.193287,1.258935,-0.04141652;-0.1867153,1.266609,-0.04342224
6c271244-0657-44c5-b124-efeb535e6d33,5,1,-0.3526326,1.271028,-0.1335814;-0.3526352,1.279481,-0.1391364;-0.3453167,1.287202,-0.1386447;-0.3362733,1.292614,-0.1360095;-0.3273453,1.295159,-0.1320081;-0.3185602,1.293294,-0.1252561;-0.3147261,1.285852,-0.1186065;-0.308694,1.293602,-0.1212212;-0.2983532,1.293823,-0.1159146;-0.2898288,1.289934,-0.108981;-0.2881142,1.281689,-0.1027644;-0.290105,1.272658,-0.09850505;-0.2814351,1.269197,-0.09378746;-0.2793676,1.260076,-0.08806837;-0.2801881,1.24879,-0.08305847;-0.2852262,1.23861,-0.08084712;-0.2938631,1.234033,-0.08328287;-0.3028585,1.232097,-0.08737392;-0.3128001,1.234901,-0.09408504;-0.3159289,1.243989,-0.1003072;-0.3167834,1.234002,-0.09703299;-0.3230085,1.225777,-0.09568864;-0.3321022,1.225349,-0.1005317;-0.3394278,1.230695,-0.1083021;-0.3446264,1.238406,-0.1164337;-0.3472787,1.245722,-0.1234039;-0.3547542,1.239398,-0.1254485;-0.363667,1.232434,-0.1279096;-0.3730541,1.228072,-0.1320815;-0.3822018,1.230094,-0.1371418;-0.3879935,1.23702,-0.1438906;-0.385574,1.247561,-0.1472573;-0.3823714,1.257806,-0.1506763;-0.3738844,1.262901,-0.1474723;-0.3661181,1.271772,-0.1489274;-0.3568314,1.275443,-0.1446711;-0.3469681,1.279018,-0.1438751
5a4e98a3-f468-4e0f-902c-db3aac06be76,4,1,-0.260081,1.136645,-0.02086362;-0.253441,1.144694,-0.01921272;-0.2437291,1.148083,-0.01551665;-0.2332334,1.147595,-0.01081301;-0.2254954,1.142527,-0.005650304;-0.2167335,1.145071,-0.001061834;-0.2080112,1.151133,0.0002512038;-0.1975111,1.15264,0.003397159
d98a483a-1127-4587-81b8-a501b0ddbe6c,4,1,-0.1639829,1.133974,0.007429846;-0.1580912,1.143433,0.006959863;-0.147113,1.147139,0.008632444;-0.1370079,1.145019,0.01218431;-0.1277585,1.149038,0.01477955;-0.1194877,1.156093,0.01445989;-0.1087958,1.161528,0.01381084
B400007D0CF73610-600613A12A17C812,1,1,-1.139,1.187,0.376;-1.139,1.187,0.376;-1.14,1.189,0.375
B400007D0CF82170-600613A12A17C812,1,1,-1.012,1.236,0.571;-1.012,1.236,0.571;-1.012,1.237,0.571
39cc62d4-7f86-4880-adfc-efeadef7c92a,5,1,0.6669711,1.253953,-0.07400129;0.6629282,1.263869,-0.07339486;0.6578805,1.274323,-0.07159389;0.6528329,1.28281,-0.06981663;0.6467443,1.291823,-0.06650466;0.6412751,1.300073,-0.06244653;0.6356469,1.307621,-0.05701724;0.6303329,1.313842,-0.05121437;0.6252894,1.318289,-0.04188029;0.6217442,1.319032,-0.03157988;0.620433,1.316457,-0.02143094;0.6214935,1.31082,-0.01227708;0.6258512,1.303241,-0.006339971;0.6315632,1.295246,-0.002883118;0.6253322,1.304448,-0.001430064;0.6184164,1.312058,0.001377784;0.6140346,1.315569,0.01036166;0.6137848,1.312898,0.02005758;0.6185131,1.304775,0.02411952;0.6191765,1.310387,0.0325688;0.6158494,1.316996,0.04010277;0.6118826,1.322707,0.04807251;0.6071664,1.327917,0.05738932;0.602236,1.33203,0.06792899;0.5977556,1.334354,0.0789538;0.5932757,1.334739,0.09008424;0.590465,1.332286,0.09963129;0.5894928,1.32732,0.1095072;0.5908066,1.320297,0.1181746;0.5944691,1.311901,0.1246378;0.599258,1.302934,0.128558;0.6059628,1.293332,0.129574;0.6136459,1.284224,0.1279716;0.6219227,1.276439,0.1231185;0.6282678,1.271977,0.1163087;0.634493,1.269421,0.1063612;0.6390743,1.268171,0.09714113;0.6366507,1.263386,0.1067222;0.632677,1.262594,0.1170097;0.6281302,1.262393,0.12637;0.6230175,1.262021,0.1363284;0.6182349,1.260479,0.1467794;0.6148317,1.256134,0.1569763;0.6147246,1.246964,0.1646419;0.6182045,1.236389,0.168211;0.6231922,1.227704,0.1677958;0.6298741,1.219621,0.1641884;0.6370243,1.213439,0.1573584;0.6451048,1.208703,0.1479805;0.652412,1.20623,0.1371987;0.6573287,1.20576,0.1282966;0.6618369,1.206656,0.1186031;0.665288,1.208958,0.1085437;0.6676242,1.212105,0.09919391;0.6681516,1.217067,0.08911875;0.6667448,1.222431,0.08015598;0.6664537,1.224451,0.06992067;0.6716717,1.21483,0.06983541;0.6778055,1.204437,0.07160564;0.6852109,1.197086,0.06573822;0.6905833,1.196113,0.05542739;0.6910726,1.201153,0.0444493;0.690189,1.206141,0.03540801;0.689194,1.210379,0.02637579;0.6949801,1.203424,0.02151765;0.700506,1.198227,0.01476851;0.7065903,1.193754,0.005000494;0.7111667,1.191313,-0.004396107;0.7151988,1.19028,-0.01462743;0.7183373,1.190949,-0.02514011;0.7209169,1.192882,-0.03624093;0.7229799,1.195707,-0.04729571;0.7234209,1.200219,-0.05645839;0.7222292,1.208031,-0.066222;0.7189481,1.217664,-0.07074843;0.7135589,1.228459,-0.07058116;0.7068468,1.23911,-0.06743128;0.7007737,1.246587,-0.06129915;0.6935679,1.252517,-0.0535976;0.6863977,1.25556,-0.04732301
171547fe-8846-4d1f-a3cc-c40f6f92d64a,5,1,0.7059115,1.396312,-0.05383161;0.6978034,1.402974,-0.05211323;0.6889331,1.410663,-0.0548824;0.6825463,1.417208,-0.06201937;0.678652,1.421284,-0.07231601;0.6795465,1.420823,-0.08350231;0.6841689,1.416556,-0.09276488;0.6910527,1.409641,-0.09922203;0.6979619,1.402445,-0.1027831;0.7048728,1.395106,-0.1026018;0.7016518,1.399051,-0.1114675;0.6975397,1.404117,-0.1210913;0.6943649,1.406342,-0.1314593;0.6939778,1.405208,-0.1421364;0.6972276,1.400538,-0.1508903;0.7036048,1.393097,-0.1559577;0.7110847,1.383871,-0.1595652;0.7191321,1.374087,-0.1569184;0.7244832,1.365848,-0.1494127;0.727995,1.35947,-0.1387508;0.7315216,1.354452,-0.1300348;0.7340599,1.351048,-0.1199529;0.7356708,1.348874,-0.1074179;0.7344611,1.349194,-0.09524404;0.730785,1.351678,-0.08620636;0.7243173,1.356765,-0.07811695;0.7180113,1.361831,-0.07179121;0.7240156,1.352351,-0.07260844;0.7279323,1.345407,-0.06359294;0.7288414,1.341396,-0.05411978;0.726504,1.341478,-0.0418325;0.7233666,1.344332,-0.03258982;0.7179217,1.35103,-0.02539099;0.7111309,1.359546,-0.02046564;0.7029101,1.368774,-0.01931214;0.6951464,1.376472,-0.02453234;0.6889951,1.381457,-0.03174915
f6cb7e7d-a14f-47db-bf8c-89f7d182140c,4,1,0.621698,1.160906,0.05182989;0.620968,1.166385,0.04244551;0.624718,1.166493,0.03189922;0.6297951,1.162808,0.02379186;0.6357009,1.153469,0.02090349;0.6386532,1.144341,0.02377886;0.6336983,1.152621,0.02034959;0.6309813,1.159656,0.0137203;0.6311308,1.163752,0.003247386;0.635048,1.161728,-0.006467417;0.6374356,1.156507,-0.01511643
7e7f6d32-b9d0-4097-9e15-909e4f70a014,4,1,0.6063618,1.278394,-0.1258165;0.6037806,1.280031,-0.1365532;0.608288,1.274619,-0.1447833;0.6151237,1.266692,-0.1455684;0.6096857,1.273011,-0.1522399;0.6055368,1.278026,-0.1606004;0.6036814,1.279603,-0.1718536;0.604591,1.278043,-0.1833945;0.6101125,1.27207,-0.1906952
2e9e3652-11bb-4d0b-87af-1795fb6485b6,4,1,0.5895692,1.166254,-0.115638;0.5895683,1.166974,-0.12616;0.5911716,1.165581,-0.1383064;0.5947788,1.161139,-0.1467891;0.6009713,1.152,-0.1473673;0.596436,1.161041,-0.1451689;0.5951182,1.165069,-0.1544596;0.5950853,1.166433,-0.1649547;0.5973417,1.164665,-0.1766559;0.6010027,1.159398,-0.1875131
58cc6411-fb97-412e-836e-14aa2ddc560f,4,1,0.1385509,1.2492,0.3140384;0.1325991,1.255105,0.3077644;0.1221793,1.257064,0.3030335;0.1112404,1.256561,0.3008772;0.1032452,1.249211,0.3024977;0.09605265,1.25236,0.29594;0.08871954,1.256113,0.2901762;0.0785473,1.2574,0.2849568;0.06809191,1.254325,0.2840175;0.05793144,1.250149,0.2793804
1a32aba9-e08a-4c0f-a2c2-5b6def6bee92,4,1,0.1250671,1.270264,-0.1211062;0.1337062,1.272342,-0.1283162;0.1446393,1.273758,-0.1339202;0.1545129,1.272206,-0.1326008;0.158055,1.273654,-0.1423135;0.1666834,1.275864,-0.1510784;0.1777779,1.277189,-0.1581552;0.1880038,1.277495,-0.1630582;0.1988784,1.275839,-0.1664568
fadb48ab-89e6-4904-bd46-674fb8b3285c,4,1,-0.2052377,1.260092,0.1325899;-0.2075057,1.264621,0.1237106;-0.2103939,1.268103,0.1133675;-0.216837,1.261126,0.1099443;-0.2236212,1.253273,0.1087704;-0.2313948,1.250576,0.1027904;-0.2327344,1.254966,0.09371252;-0.2361057,1.256927,0.08385961;-0.2412376,1.256301,0.07368159;-0.2474637,1.253238,0.06538898;-0.2495968,1.251174,0.05573883;-0.2536863,1.246149,0.04544307
f7ec4139-a533-4325-b80b-2155058673de,5,1,-0.2663344,1.374165,0.2055718;-0.2730274,1.375744,0.1980428;-0.2827141,1.371168,0.1960765;-0.2842659,1.364919,0.2037863;-0.2917768,1.358108,0.2042683;-0.288056,1.353625,0.2127936;-0.2811669,1.35189,0.2199217;-0.2724537,1.356755,0.2214639;-0.2649443,1.353374,0.2279504;-0.2559111,1.351639,0.2324378;-0.2501901,1.35957,0.2279412;-0.2416002,1.356375,0.2319507;-0.2310289,1.358541,0.2307973;-0.2288974,1.366149,0.2240683;-0.2344309,1.372302,0.2176147;-0.2423239,1.377058,0.210867;-0.2514065,1.379291,0.2052566
1af5a480-f024-44d4-b58c-3f001e592c1d,5,1,-0.1469975,1.338855,0.06461889;-0.1548213,1.337186,0.05840646;-0.1602558,1.33628,0.04948895;-0.1624593,1.335801,0.03921025;-0.1623613,1.335985,0.02866802;-0.1582082,1.337628,0.01923802;-0.1494104,1.34057,0.01077603;-0.1390414,1.344085,0.005798053;-0.1391751,1.344602,-0.004889395;-0.1438428,1.344559,-0.01380048;-0.1465583,1.344681,-0.0245515;-0.1469383,1.344956,-0.03458481;-0.1454869,1.345482,-0.04496676;-0.1419371,1.346307,-0.05495993;-0.1358007,1.346954,-0.06486019;-0.1282982,1.348069,-0.07182294;-0.1187999,1.349669,-0.07596682;-0.1065545,1.351743,-0.07546353;-0.09724527,1.352364,-0.06908101;-0.09344611,1.351251,-0.05909614;-0.0938604,1.349065,-0.04860869;-0.1002544,1.344231,-0.0407682;-0.08983731,1.342803,-0.04134075;-0.07805632,1.344212,-0.03919095;-0.06959207,1.344168,-0.03242931;-0.06605347,1.342055,-0.02187987;-0.06693254,1.33785,-0.009509765;-0.07022595,1.333993,0.0009478275;-0.07769133,1.329981,0.01147603;-0.08824837,1.326374,0.0207054;-0.09615399,1.324087,0.02901938;-0.1043622,1.322779,0.03494083;-0.1111193,1.323414,0.04358279;-0.1127104,1.326784,0.05407821;-0.1110995,1.328195,0.06475072;-0.1112709,1.327453,0.07795708;-0.1134872,1.32531,0.09085753;-0.1178365,1.322219,0.1004744;-0.1253662,1.318409,0.1078425;-0.1341426,1.314881,0.1118043;-0.1447102,1.311869,0.1119012;-0.1544231,1.310531,0.1082072;-0.1621097,1.310992,0.09946877;-0.1647503,1.313428,0.0871056;-0.1628588,1.315981,0.07720968;-0.1582548,1.318359,0.06842574;-0.1523299,1.319924,0.06040738;-0.1454987,1.320333,0.05272849;-0.139103,1.319475,0.04476937;-0.1322082,1.317207,0.03739552
ae37b640-16c8-4114-90b5-40fdc0b7b04e,5,1,-0.3855772,1.285869,0.07121716;-0.3894015,1.289665,0.06265113;-0.3940057,1.291668,0.05313304;-0.3991972,1.291771,0.04302935;-0.4062328,1.288412,0.03555455;-0.4144771,1.27993,0.03671026;-0.4197914,1.272505,0.04321088;-0.4244157,1.265127,0.0504242;-0.4249448,1.270632,0.04205061;-0.4293665,1.271382,0.03207677;-0.4336018,1.269536,0.02266749;-0.4375521,1.262927,0.01523304;-0.4422151,1.25444,0.01822323;-0.4432291,1.258553,0.006793313;-0.4430007,1.262345,-0.004620936;-0.4427572,1.265858,-0.01617643;-0.4414918,1.269334,-0.02729817;-0.4400973,1.273593,-0.0400682;-0.4413477,1.275353,-0.05246028;-0.445507,1.273849,-0.06420998;-0.4497888,1.270117,-0.074412;-0.4529691,1.263851,-0.08379697;-0.4449001,1.267039,-0.09106284;-0.4380984,1.274493,-0.0967866;-0.4307135,1.28194,-0.1044382;-0.4243853,1.287208,-0.1130943;-0.4220501,1.286623,-0.125082;-0.424281,1.281609,-0.1337443;-0.4279339,1.274405,-0.1399407;-0.4330578,1.26546,-0.1429458;-0.4392184,1.255549,-0.141662;-0.4443871,1.246048,-0.136695;-0.4473896,1.238356,-0.1295232;-0.4494625,1.231848,-0.1195433;-0.4514958,1.226,-0.1067597;-0.4520136,1.222939,-0.09709714;-0.4527975,1.219309,-0.08365379;-0.4536067,1.216379,-0.07013181;-0.453629,1.215415,-0.05752395;-0.4511153,1.217295,-0.04617167;-0.4467997,1.220959,-0.03771637;-0.441417,1.224464,-0.02957609;-0.4320635,1.225083,-0.02479388;-0.4310056,1.216592,-0.01929499;-0.430147,1.209216,-0.01252303;-0.4282538,1.204401,-0.002505049;-0.4238102,1.205183,0.008432901;-0.4163184,1.212835,0.0157447;-0.4094579,1.221257,0.01746952;-0.402007,1.231128,0.01992202;-0.3948739,1.239038,0.02256963;-0.395428,1.23152,0.03139823;-0.3958222,1.227871,0.04134248;-0.3953874,1.229954,0.05333959;-0.3941404,1.236157,0.06412014;-0.3924894,1.243904,0.07232628;-0.3900898,1.253635,0.07037902;-0.3862258,1.261081,0.06330763;-0.3824675,1.266213,0.05530212;-0.3862668,1.268107,0.0451583
ba916df0-0aab-491d-82ae-f56826497802,4,1,-0.3867055,1.191901,0.06277512;-0.3819353,1.199306,0.06986466;-0.3757195,1.207605,0.07560278;-0.3709729,1.211124,0.08405694;-0.3679225,1.209327,0.09498869;-0.3673986,1.203704,0.1041608;-0.370076,1.196166,0.1108833;-0.367828,1.193622,0.1209152
a69e49fa-7ef1-48a9-a39f-ee31194c8b06,4,1,-0.3412591,1.274698,0.08875155;-0.3352416,1.282997,0.09063717;-0.3279028,1.288216,0.09775368;-0.322022,1.289037,0.1075319;-0.3195383,1.282528,0.1159836;-0.3149712,1.28952,0.1083504;-0.3075082,1.296975,0.1052399;-0.2988206,1.302589,0.106781;-0.2907929,1.303698,0.1128831
2ee15735-7b28-4a17-946c-875cdccd7fb9,4,1,-0.0520709,1.182205,0.2032121;-0.04374819,1.186761,0.2000054;-0.03194068,1.18995,0.1998547;-0.02130041,1.188983,0.2022638;-0.01751814,1.181221,0.2076351;-0.01065308,1.186551,0.2007593;-0.001914058,1.192413,0.1978836;0.01006359,1.197903,0.1955592;0.0223246,1.198219,0.195757
81460c1f-1472-4db1-b0e5-c4f925727ffe,5,1,0.1414649,1.4388,-0.1458833;0.1320603,1.437852,-0.1513672;0.1241612,1.437254,-0.1594737;0.120799,1.435839,-0.1687926;0.1248429,1.434583,-0.1785453;0.133051,1.434496,-0.1854384;0.1428826,1.433708,-0.1874316;0.1332157,1.434583,-0.1921864;0.1299052,1.435404,-0.2030942;0.131438,1.437233,-0.21335;0.1368431,1.43868,-0.2219274;0.1461028,1.440346,-0.2274223;0.157528,1.442207,-0.22785;0.1676345,1.444465,-0.2232818;0.1741294,1.447324,-0.2156493;0.1792755,1.453904,-0.2220901;0.1864889,1.4567,-0.2298297;0.1966021,1.461661,-0.233212;0.2069533,1.466398,-0.2316873;0.2170504,1.470523,-0.2271607;0.2234939,1.474893,-0.2190807;0.2258495,1.484951,-0.2166438;0.2245218,1.493014,-0.2238092;0.2270851,1.499123,-0.2335795;0.2332979,1.502781,-0.2422457;0.2431099,1.504839,-0.2508011;0.2552689,1.505551,-0.2567286;0.2689809,1.504286,-0.2588612;0.2814942,1.501207,-0.2568951;0.2891981,1.498035,-0.2505717;0.293671,1.494652,-0.2419367;0.2963628,1.49142,-0.2315948;0.2960286,1.489599,-0.2185686;0.2903229,1.488462,-0.2099702;0.2823108,1.486643,-0.2041384;0.2719104,1.483043,-0.2002117;0.2634918,1.476124,-0.2023314;0.2697297,1.46953,-0.206672;0.2763734,1.461528,-0.2044705;0.2711696,1.456267,-0.1942732;0.2629271,1.453501,-0.1890526;0.2524773,1.450442,-0.1851907;0.2426888,1.447638,-0.1822453;0.232828,1.445263,-0.1801609;0.2218778,1.442263,-0.1806862;0.2122206,1.439178,-0.1840325;0.2028408,1.435395,-0.1820916;0.1927144,1.434008,-0.1763944;0.1815001,1.434236,-0.1709627;0.1694511,1.434861,-0.1684478;0.1557801,1.435789,-0.1680868;0.1458401,1.435881,-0.1729507
0000000000000000-0000000000000000,2,1,-0.053,1.107,0.3;-0.053,1.107,0.3;-0.053,1.107,0.3;-0.046,1.115,0.3;-0.038,1.126,0.3;-0.03,1.134,0.3;-0.023,1.142,0.3;-0.015,1.15,0.3;-0.003,1.162,0.3;0.005,1.169,0.3;0.015,1.177,0.3;0.024,1.185,0.3;0.033,1.191,0.3
0000000000000000-0000000000000000,2,1,-0.054,1.109,0.3;-0.054,1.109,0.3;-0.054,1.109,0.3;-0.044,1.114,0.3;-0.037,1.122,0.3;-0.029,1.13,0.3;-0.018,1.141,0.3;-0.01,1.15,0.3;-0.001,1.158,0.3;0.008,1.167,0.3;0.016,1.174,0.3;0.024,1.182,0.3;0.034,1.189,0.3
0000000000000000-0000000000000000,2,1,-0.055,1.109,0.3;-0.055,1.109,0.3;-0.055,1.109,0.3;-0.043,1.119,0.3;-0.033,1.127,0.3;-0.025,1.133,0.3;-0.017,1.14,0.3;-0.009,1.148,0.3;0.002,1.158,0.3;0.011,1.164,0.3;0.021,1.173,0.3;0.031,1.182,0.3;0.039,1.188,0.3
0000000000000000-0000000000000000,2,1,-0.056,1.107,0.3;-0.056,1.107,0.3;-0.056,1.107,0.3;-0.045,1.118,0.3;-0.032,1.132,0.3;-0.024,1.139,0.3;-0.015,1.148,0.3;-0.008,1.155,0.3;0,1.161,0.3;0.008,1.168,0.3;0.018,1.177,0.3;0.026,1.184,0.3;0.034,1.191,0.3
0000000000000000-0000000000000000,2,1,-0.056,1.106,0.3;-0.056,1.106,0.3;-0.056,1.106,0.3;-0.043,1.115,0.3;-0.029,1.129,0.3;-0.018,1.141,0.3;-0.009,1.151,0.3;0.001,1.16,0.3;0.008,1.167,0.3;0.018,1.176,0.3;0.026,1.183,0.3
0000000000000000-0000000000000000,2,1,-0.055,1.107,0.3;-0.055,1.107,0.3;-0.055,1.107,0.3;-0.042,1.119,0.3;-0.031,1.13,0.3;-0.02,1.14,0.3;-0.012,1.148,0.3;-0.003,1.159,0.3;0.004,1.167,0.3;0.013,1.177,0.3;0.02,1.184,0.3
0000000000000000-0000000000000000,2,1,-0.054,1.106,0.3;-0.054,1.106,0.3;-0.054,1.106,0.3;-0.043,1.117,0.3;-0.032,1.128,0.3;-0.023,1.137,0.3;-0.008,1.153,0.3;-0.001,1.16,0.3;0.007,1.169,0.3;0.014,1.176,0.3;0.023,1.186,0.3;0.031,1.193,0.3
0000000000000000-0000000000000000,2,1,-0.057,1.103,0.3;-0.057,1.103,0.3;-0.057,1.103,0.3;-0.046,1.115,0.3;-0.032,1.128,0.3;-0.024,1.135,0.3;-0.011,1.147,0.3;0.002,1.16,0.3;0.013,1.171,0.3;0.021,1.178,0.3;0.03,1.187,0.3
0000000000000000-0000000000000000,2,1,-0.056,1.109,0.3;-0.056,1.109,0.3;-0.056,1.109,0.3;-0.049,1.116,0.3;-0.037,1.129,0.3;-0.027,1.14,0.3;-0.015,1.151,0.3;-0.001,1.163,0.3;0.008,1.171,0.3;0.018,1.179,0.3;0.027,1.184,0.3
0000000000000000-0000000000000000,2,1,-0.052,1.108,0.3;-0.052,1.108,0.3;-0.052,1.108,0.3;-0.042,1.119,0.3;-0.028,1.133,0.3;-0.015,1.145,0.3;0,1.157,0.3;0.01,1.165,0.3;0.018,1.172,0.3;0.027,1.18,0.3;0.034,1.187,0.3
0000000000000000-0000000000000000,2,1,-0.054,1.11,0.3;-0.054,1.11,0.3;-0.054,1.11,0.3;-0.046,1.119,0.3;-0.034,1.132,0.3;-0.023,1.142,0.3;-0.013,1.151,0.3;-0.003,1.16,0.3;0.008,1.17,0.3;0.018,1.177,0.3;0.028,1.184,0.3;0.037,1.191,0.3
0000000000000000-0000000000000000,2,1,-0.053,1.106,0.3;-0.053,1.106,0.3;-0.053,1.106,0.3;-0.044,1.12,0.3;-0.036,1.131,0.3;-0.027,1.14,0.3;-0.019,1.149,0.3;-0.009,1.159,0.3;0.002,1.168,0.3;0.012,1.177,0.3;0.022,1.185,0.3;0.031,1.192,0.3
0000000000000000-0000000000000000,2,1,-0.052,1.108,0.3;-0.052,1.108,0.3;-0.052,1.108,0.3;-0.043,1.116,0.3;-0.034,1.128,0.3;-0.022,1.14,0.3;-0.011,1.151,0.3;-0.001,1.159,0.3;0.009,1.168,0.3;0.019,1.176,0.3;0.03,1.185,0.3;0.038,1.191,0.3
0000000000000000-0000000000000000,2,1,-0.053,1.104,0.3;-0.053,1.104,0.3;-0.053,1.104,0.3;-0.046,1.112,0.3;-0.039,1.124,0.3;-0.03,1.135,0.3;-0.021,1.145,0.3;-0.009,1.156,0.3;0,1.164,0.3;0.009,1.172,0.3;0.019,1.18,0.3;0.027,1.186,0.3;0.036,1.192,0.3
0000000000000000-0000000000000000,2,1,-0.057,1.107,0.3;-0.057,1.107,0.3;-0.057,1.107,0.3;-0.047,1.119,0.3;-0.039,1.13,0.3;-0.029,1.14,0.3;-0.02,1.15,0.3;-0.013,1.157,0.3;-0.005,1.164,0.3;0.006,1.173,0.3;0.016,1.182,0.3;0.026,1.188,0.3
0000000000000000-0000000000000000,2,1,-0.052,1.106,0.3;-0.052,1.106,0.3;-0.052,1.106,0.3;-0.043,1.119,0.3;-0.035,1.127,0.3;-0.026,1.135,0.3;-0.013,1.148,0.3;-0.004,1.158,0.3;0.003,1.165,0.3;0.014,1.174,0.3;0.022,1.182,0.3;0.03,1.188,0.3
0000000000000000-0000000000000000,2,1,-0.054,1.107,0.3;-0.054,1.107,0.3;-0.054,1.107,0.3;-0.045,1.119,0.3;-0.035,1.128,0.3;-0.024,1.139,0.3;-0.015,1.148,0.3;-0.005,1.159,0.3;0.004,1.168,0.3;0.012,1.176,0.3;0.02,1.182,0.3;0.029,1.189,0.3
0000000000000000-0000000000000000,2,1,-0.055,1.105,0.3;-0.055,1.105,0.3;-0.055,1.105,0.3;-0.045,1.12,0.3;-0.035,1.13,0.3;-0.026,1.138,0.3;-0.015,1.149,0.3;-0.004,1.159,0.3;0.005,1.167,0.3;0.014,1.174,0.3;0.022,1.181,0.3;0.03,1.188,0.3
0000000000000000-0000000000000000,2,1,-0.054,1.102,0.3;-0.054,1.102,0.3;-0.054,1.102,0.3;-0.047,1.111,0.3;-0.037,1.122,0.3;-0.029,1.132,0.3;-0.02,1.141,0.3;-0.01,1.151,0.3;0,1.161,0.3;0.013,1.172,0.3;0.024,1.181,0.3;0.033,1.188,0.3
0000000000000000-0000000000000000,2,1,-0.054,1.105,0.3;-0.054,1.105,0.3;-0.054,1.105,0.3;-0.043,1.117,0.3;-0.03,1.132,0.3;-0.021,1.142,0.3;-0.011,1.151,0.3;0.002,1.164,0.3;0.012,1.174,0.3;0.021,1.182,0.3;0.029,1.188,0.3
0000000000000000-0000000000000000,2,1,-0.057,1.105,0.3;-0.057,1.105,0.3;-0.057,1.105,0.3;-0.048,1.117,0.3;-0.039,1.127,0.3;-0.03,1.137,0.3;-0.021,1.145,0.3;-0.009,1.157,0.3;0.002,1.168,0.3;0.013,1.177,0.3;0.022,1.184,0.3;0.032,1.192,0.3
0000000000000000-0000000000000000,2,1,-0.058,1.104,0.3;-0.058,1.104,0.3;-0.058,1.104,0.3;-0.05,1.112,0.3;-0.043,1.123,0.3;-0.035,1.132,0.3;-0.027,1.14,0.3;-0.016,1.15,0.3;-0.006,1.16,0.3;0.007,1.171,0.3;0.015,1.178,0.3;0.026,1.185,0.3
0000000000000000-0000000000000000,2,1,-0.055,1.104,0.3;-0.055,1.104,0.3;-0.055,1.104,0.3;-0.046,1.119,0.3;-0.036,1.131,0.3;-0.027,1.14,0.3;-0.018,1.147,0.3;-0.011,1.155,0.3;-0.002,1.163,0.3;0.005,1.17,0.3;0.013,1.177,0.3;0.022,1.185,0.3;0.03,1.192,0.3
0000000000000000-0000000000000000,2,1,-0.059,1.103,0.3;-0.059,1.103,0.3;-0.059,1.103,0.3;-0.051,1.113,0.3;-0.043,1.123,0.3;-0.034,1.134,0.3;-0.025,1.143,0.3;-0.016,1.15,0.3;-0.007,1.159,0.3;0.002,1.166,0.3;0.01,1.173,0.3;0.017,1.18,0.3;0.025,1.186,0.3
0000000000000000-0000000000000000,2,1,-0.054,1.101,0.3;-0.054,1.101,0.3;-0.054,1.101,0.3;-0.046,1.115,0.3;-0.035,1.127,0.3;-0.026,1.135,0.3;-0.016,1.145,0.3;-0.008,1.152,0.3;0.002,1.162,0.3;0.012,1.17,0.3;0.022,1.178,0.3;0.03,1.187,0.3
0000000000000000-0000000000000000,2,1,-0.057,1.102,0.3;-0.057,1.102,0.3;-0.057,1.102,0.3;-0.05,1.111,0.3;-0.042,1.12,0.3;-0.035,1.13,0.3;-0.026,1.139,0.3;-0.017,1.148,0.3;-0.006,1.158,0.3;0.004,1.167,0.3;0.013,1.174,0.3;0.024,1.183,0.3;0.033,1.19,0.3
0000000000000000-0000000000000000,2,1,-0.056,1.099,0.3;-0.056,1.099,0.3;-0.056,1.099,0.3;-0.046,1.11,0.3;-0.036,1.122,0.3;-0.023,1.135,0.3;-0.014,1.143,0.3;-0.006,1.151,0.3;0.006,1.161,0.3;0.015,1.169,0.3;0.024,1.176,0.3;0.034,1.185,0.3
0000000000000000-0000000000000000,2,1,-0.058,1.102,0.3;-0.058,1.102,0.3;-0.058,1.102,0.3;-0.051,1.113,0.3;-0.039,1.126,0.3;-0.027,1.138,0.3;-0.015,1.15,0.3;-0.005,1.159,0.3;0.005,1.166,0.3;0.014,1.173,0.3;0.025,1.182,0.3
0000000000000000-0000000000000000,2,1,-0.056,1.103,0.3;-0.056,1.103,0.3;-0.056,1.103,0.3;-0.05,1.112,0.3;-0.044,1.121,0.3;-0.034,1.132,0.3;-0.024,1.144,0.3;-0.017,1.152,0.3;-0.004,1.164,0.3;0.006,1.172,0.3;0.015,1.18,0.3;0.026,1.189,0.3;0.034,1.197,0.3
0000000000000000-0000000000000000,2,1,-0.056,1.102,0.3;-0.056,1.102,0.3;-0.056,1.102,0.3;-0.046,1.114,0.3;-0.034,1.128,0.3;-0.023,1.14,0.3;-0.012,1.152,0.3;-0.004,1.159,0.3;0.006,1.168,0.3;0.015,1.175,0.3;0.024,1.182,0.3;0.032,1.189,0.3
0000000000000000-0000000000000000,2,1,-0.056,1.105,0.3;-0.056,1.105,0.3;-0.056,1.105,0.3;-0.047,1.117,0.3;-0.039,1.125,0.3;-0.031,1.134,0.3;-0.022,1.143,0.3;-0.011,1.154,0.3;-0.001,1.164,0.3;0.007,1.171,0.3;0.015,1.178,0.3;0.023,1.184,0.3;0.031,1.191,0.3
0000000000000000-0000000000000000,2,1,-0.053,1.105,0.3;-0.053,1.105,0.3;-0.052,1.108,0.3;-0.035,1.126,0.3;-0.02,1.141,0.3;-0.013,1.148,0.3;0,1.16,0.3;0.01,1.168,0.3;0.019,1.175,0.3;0.027,1.182,0.3;0.036,1.19,0.3
0000000000000000-0000000000000000,2,1,-0.056,1.106,0.3;-0.056,1.106,0.3;-0.056,1.106,0.3;-0.047,1.12,0.3;-0.038,1.13,0.3;-0.027,1.14,0.3;-0.018,1.148,0.3;-0.007,1.158,0.3;0.003,1.167,0.3;0.012,1.174,0.3;0.023,1.184,0.3;0.032,1.191,0.3
0000000000000000-0000000000000000,2,1,-0.054,1.105,0.3;-0.054,1.105,0.3;-0.054,1.105,0.3;-0.043,1.122,0.3;-0.029,1.135,0.3;-0.019,1.144,0.3;-0.009,1.154,0.3;0.001,1.163,0.3;0.01,1.17,0.3;0.018,1.177,0.3;0.028,1.186,0.3;0.036,1.193,0.3
0000000000000000-0000000000000000,2,1,-0.057,1.102,0.3;-0.057,1.102,0.3;-0.057,1.102,0.3;-0.047,1.115,0.3;-0.037,1.126,0.3;-0.028,1.135,0.3;-0.021,1.142,0.3;-0.013,1.15,0.3;-0.005,1.158,0.3;0.006,1.167,0.3;0.016,1.176,0.3;0.025,1.183,0.3;0.033,1.189,0.3
0000000000000000-0000000000000000,2,1,-0.055,1.108,0.3;-0.055,1.108,0.3;-0.055,1.108,0.3;-0.044,1.116,0.3;-0.033,1.126,0.3;-0.024,1.135,0.3;-0.012,1.146,0.3;-0.001,1.154,0.3;0.007,1.162,0.3;0.016,1.169,0.3;0.025,1.176,0.3;0.034,1.183,0.3
0000000000000000-0000000000000000,2,1,-0.058,1.098,0.3;-0.058,1.098,0.3;-0.058,1.098,0.3;-0.049,1.107,0.3;-0.041,1.117,0.3;-0.033,1.126,0.3;-0.025,1.136,0.3;-0.016,1.144,0.3;-0.009,1.151,0.3;0.002,1.161,0.3;0.01,1.168,0.3;0.02,1.177,0.3;0.028,1.185,0.3
0000000000000000-0000000000000000,2,1,-0.055,1.105,0.3;-0.055,1.105,0.3;-0.055,1.105,0.3;-0.044,1.114,0.3;-0.03,1.129,0.3;-0.023,1.137,0.3;-0.015,1.145,0.3;-0.004,1.156,0.3;0.008,1.166,0.3;0.019,1.177,0.3;0.027,1.183,0.3
0000000000000000-0000000000000000,2,1,-0.055,1.109,0.3;-0.055,1.109,0.3;-0.055,1.109,0.3;-0.041,1.123,0.3;-0.033,1.131,0.3;-0.019,1.144,0.3;-0.01,1.153,0.3;-0.002,1.161,0.3;0.008,1.169,0.3;0.017,1.177,0.3;0.027,1.186,0.3
0000000000000000-0000000000000000,2,1,-0.056,1.111,0.3;-0.056,1.111,0.3;-0.056,1.111,0.3;-0.045,1.124,0.3;-0.034,1.138,0.3;-0.022,1.15,0.3;-0.012,1.16,0.3;0.001,1.171,0.3;0.01,1.179,0.3;0.021,1.188,0.3;0.029,1.194,0.3
0000000000000000-0000000000000000,2,1,-0.057,1.101,0.3;-0.057,1.101,0.3;-0.057,1.102,0.3;-0.046,1.114,0.3;-0.038,1.124,0.3;-0.029,1.134,0.3;-0.022,1.142,0.3;-0.009,1.153,0.3;0,1.161,0.3;0.009,1.169,0.3;0.017,1.175,0.3;0.027,1.183,0.3;0.035,1.19,0.3
0000000000000000-0000000000000000,2,1,-0.055,1.105,0.3;-0.055,1.105,0.3;-0.055,1.105,0.3;-0.043,1.118,0.3;-0.033,1.13,0.3;-0.023,1.14,0.3;-0.014,1.149,0.3;-0.005,1.158,0.3;0.005,1.168,0.3;0.015,1.176,0.3;0.023,1.182,0.3;0.032,1.189,0.3
0000000000000000-0000000000000000,2,1,-0.058,1.109,0.3;-0.058,1.109,0.3;-0.058,1.109,0.3;-0.049,1.12,0.3;-0.039,1.132,0.3;-0.029,1.143,0.3;-0.02,1.151,0.3;-0.01,1.16,0.3;-0.001,1.168,0.3;0.008,1.175,0.3;0.016,1.182,0.3;0.024,1.188,0.3;0.033,1.194,0.3
0000000000000000-0000000000000000,2,1,-0.054,1.109,0.3;-0.054,1.109,0.3;-0.054,1.109,0.3;-0.043,1.121,0.3;-0.033,1.131,0.3;-0.023,1.142,0.3;-0.013,1.15,0.3;-0.003,1.158,0.3;0.005,1.165,0.3;0.016,1.174,0.3;0.025,1.182,0.3
0000000000000000-0000000000000000,2,1,-0.053,1.105,0.3;-0.053,1.105,0.3;-0.053,1.105,0.3;-0.045,1.112,0.3;-0.035,1.124,0.3;-0.026,1.134,0.3;-0.018,1.141,0.3;-0.007,1.151,0.3;0.004,1.161,0.3;0.013,1.169,0.3;0.021,1.176,0.3;0.032,1.185,0.3
0000000000000000-0000000000000000,2,1,-0.056,1.106,0.3;-0.056,1.106,0.3;-0.056,1.106,0.3;-0.048,1.118,0.3;-0.041,1.128,0.3;-0.029,1.142,0.3;-0.018,1.154,0.3;-0.008,1.164,0.3;0.003,1.173,0.3;0.013,1.181,0.3;0.025,1.19,0.3;0.035,1.198,0.3
0000000000000000-0000000000000000,2,1,-0.052,1.108,0.3;-0.052,1.108,0.3;-0.052,1.108,0.3;-0.046,1.117,0.3;-0.036,1.126,0.3;-0.027,1.134,0.3;-0.018,1.144,0.3;-0.008,1.153,0.3;0.006,1.165,0.3;0.015,1.173,0.3;0.024,1.181,0.3;0.032,1.186,0.3
0000000000000000-0000000000000000,2,1,-0.055,1.106,0.3;-0.055,1.106,0.3;-0.055,1.106,0.3;-0.049,1.116,0.3;-0.042,1.124,0.3;-0.031,1.135,0.3;-0.021,1.145,0.3;-0.011,1.155,0.3;-0.001,1.164,0.3;0.008,1.172,0.3;0.017,1.178,0.3;0.027,1.186,0.3
0000000000000000-0000000000000000,2,1,-0.055,1.107,0.3;-0.055,1.107,0.3;-0.055,1.107,0.3;-0.043,1.122,0.3;-0.036,1.131,0.3;-0.03,1.139,0.3;-0.018,1.151,0.3;-0.008,1.16,0.3;0.002,1.169,0.3;0.01,1.176,0.3;0.019,1.183,0.3;0.029,1.192,0.3
0000000000000000-0000000000000000,2,1,-0.05,1.116,0.3;-0.05,1.116,0.3;-0.05,1.116,0.3;-0.042,1.123,0.3;-0.032,1.135,0.3;-0.022,1.144,0.3;-0.014,1.153,0.3;-0.002,1.163,0.3;0.01,1.173,0.3;0.02,1.181,0.3;0.029,1.188,0.3
0000000000000000-0000000000000000,2,1,-0.066,1.244,0.3;-0.066,1.244,0.3;-0.066,1.244,0.3;-0.056,1.252,0.3;-0.048,1.259,0.3;-0.035,1.266,0.3;-0.017,1.272,0.3;-0.006,1.275,0.3;0.004,1.268,0.3;0.016,1.26,0.3;0.027,1.261,0.3;0.036,1.266,0.3;0.045,1.274,0.3;0.053,1.282,0.3;0.055,1.294,0.3;0.053,1.307,0.3;0.062,1.313,0.3;0.071,1.306,0.3
0000000000000000-0000000000000000,2,1,0.03,1.299,0.3;0.03,1.299,0.3;0.03,1.299,0.3;0.011,1.309,0.3;-0.003,1.314,0.3;-0.016,1.317,0.3;-0.027,1.318,0.3;-0.045,1.316,0.3;-0.058,1.309,0.3;-0.065,1.298,0.3;-0.064,1.283,0.3;-0.058,1.273,0.3;-0.049,1.267,0.3;-0.038,1.263,0.3;-0.027,1.262,0.3;-0.016,1.262,0.3;0.003,1.262,0.3;0.015,1.262,0.3
0000000000000000-0000000000000000,2,1,-0.041,1.059,0.3;-0.041,1.059,0.3;-0.041,1.059,0.3;-0.024,1.058,0.3;-0.012,1.059,0.3;0.011,1.059,0.3;0.029,1.058,0.3;0.041,1.057,0.3
B4000077558AF310-600613A12A17C812,2,1,-0.324,1.125,0.266;-0.324,1.125,0.266;-0.318,1.132,0.269;-0.308,1.139,0.275;-0.296,1.146,0.28;-0.285,1.152,0.284;-0.274,1.153,0.288;-0.256,1.148,0.293;-0.245,1.135,0.292;-0.241,1.121,0.287;-0.246,1.107,0.281;-0.255,1.095,0.274;-0.257,1.084,0.27;-0.242,1.084,0.263;-0.228,1.078,0.254;-0.218,1.083,0.25;-0.209,1.094,0.246;-0.198,1.108,0.241;-0.186,1.12,0.237;-0.174,1.13,0.234;-0.16,1.139,0.228;-0.148,1.15,0.224;-0.136,1.16,0.222;-0.127,1.171,0.218;-0.119,1.184,0.214;-0.113,1.196,0.211;-0.109,1.208,0.207;-0.105,1.218,0.204;-0.103,1.229,0.201;-0.1,1.24,0.197;-0.098,1.252,0.194;-0.1,1.262,0.192;-0.104,1.277,0.188;-0.111,1.285,0.19;-0.123,1.288,0.198;-0.135,1.282,0.211;-0.145,1.276,0.221;-0.153,1.27,0.23;-0.16,1.262,0.24;-0.17,1.253,0.25;-0.177,1.243,0.26;-0.18,1.232,0.27;-0.188,1.223,0.279;-0.197,1.213,0.29;-0.202,1.202,0.302;-0.209,1.188,0.309
B4000077558B4630-600613A12A17C812,2,1,-0.124,1.129,0.308;-0.124,1.129,0.308
B4000077558B1610-600613A12A17C812,2,1,-0.121,1.082,0.293;-0.121,1.082,0.293
B40000775588D570-600613A12A17C812,2,1,-0.191,1.036,0.268;-0.191,1.036,0.268;-0.191,1.036,0.268;-0.187,1.023,0.265;-0.177,1.023,0.26;-0.164,1.031,0.255;-0.154,1.037,0.253;-0.144,1.043,0.25;-0.134,1.047,0.245;-0.122,1.05,0.242;-0.109,1.051,0.237;-0.095,1.053,0.233;-0.085,1.055,0.229;-0.073,1.059,0.226;-0.062,1.062,0.223;-0.049,1.068,0.222;-0.039,1.073,0.22;-0.028,1.078,0.218;-0.021,1.085,0.216;-0.008,1.096,0.214;-0.001,1.109,0.214;-0.001,1.12,0.215;-0.008,1.129,0.218;-0.021,1.137,0.223;-0.033,1.141,0.227;-0.051,1.138,0.234;-0.066,1.139,0.242;-0.082,1.14,0.25;-0.098,1.139,0.257;0.248,0.8149999,0.158;0.245,0.814,0.172;0.253,0.809,0.166;0.249,0.8049999,0.177;0.241,0.804,0.185;0.231,0.802,0.194;0.223,0.795,0.198;0.221,0.784,0.191;0.219,0.777,0.18;0.218,0.778,0.17;0.22,0.779,0.16;0.218,0.786,0.148
B4000077558A5590-600613A12A17C812,2,1,0.273,0.819,0.209;0.273,0.819,0.209;0.273,0.8199999,0.21
B4000077558BC270-600613A12A17C812,2,1,0.244,0.801,0.189;0.244,0.801,0.189
B4000077558A5050-600613A12A17C812,2,1,0.121,0.682,0.293;0.121,0.682,0.293;0.121,0.682,0.293;0.131,0.693,0.287;0.141,0.704,0.282;0.152,0.715,0.276;0.163,0.726,0.271;0.171,0.733,0.266;0.182,0.744,0.261;0.19,0.751,0.256;0.199,0.758,0.251;0.205,0.765,0.246
B4000077558BD770-600613A12A17C812,2,1,0.178,0.684,0.25;0.178,0.684,0.25;0.178,0.684,0.249;0.184,0.6949999,0.245;0.19,0.702,0.24;0.2,0.712,0.233;0.209,0.72,0.225;0.219,0.73,0.218;0.226,0.737,0.212;0.233,0.745,0.207;0.242,0.7539999,0.2;0.249,0.762,0.195;0.254,0.768,0.188
B40000775588BCF0-600613A12A17C812,2,1,0.092,0.965,0.218;0.092,0.965,0.218;0.094,0.966,0.217;0.107,0.984,0.207;0.114,0.994,0.203;0.122,1.003,0.196;0.129,1.01,0.19;0.135,1.017,0.186;0.142,1.025,0.181;0.149,1.032,0.175;0.157,1.043,0.167;0.162,1.051,0.162
B4000077558B1370-600613A12A17C812,2,1,0.102,0.966,0.204;0.102,0.966,0.204;0.103,0.966,0.205;0.111,0.979,0.199;0.119,0.989,0.194;0.125,0.996,0.189;0.131,1.003,0.184;0.14,1.016,0.177;0.149,1.028,0.169;0.155,1.035,0.164;0.161,1.045,0.158;0.167,1.057,0.151
B4000077558B2BF0-600613A12A17C812,2,1,0.102,0.969,0.212;0.102,0.969,0.212;0.102,0.97,0.212;0.107,0.982,0.209;0.116,0.997,0.201;0.123,1.004,0.194;0.129,1.012,0.189;0.138,1.025,0.18;0.142,1.033,0.176;0.147,1.041,0.17;0.155,1.052,0.161;0.163,1.063,0.153
B4000077558A7270-600613A12A17C812,2,1,0.107,0.9579999,0.204;0.107,0.9579999,0.204;0.107,0.9579999,0.204;0.113,0.967,0.2;0.122,0.983,0.192;0.13,0.993,0.185;0.136,1.001,0.179;0.145,1.013,0.17;0.155,1.024,0.162;0.162,1.035,0.155;0.169,1.047,0.147;0.174,1.054,0.141
B4000077558B8DF0-600613A12A17C812,2,1,0.106,0.962,0.202;0.106,0.962,0.202;0.106,0.962,0.202;0.111,0.971,0.197;0.119,0.9809999,0.191;0.125,0.989,0.186;0.133,0.999,0.178;0.145,1.013,0.168;0.152,1.021,0.162;0.162,1.035,0.154;0.167,1.043,0.149;0.174,1.055,0.141
B4000077558AD2B0-600613A12A17C812,2,1,0.114,0.959,0.19;0.114,0.959,0.19;0.114,0.96,0.19;0.119,0.97,0.186;0.131,0.987,0.177;0.138,0.996,0.171;0.145,1.003,0.166;0.158,1.017,0.157;0.164,1.026,0.151;0.17,1.038,0.145;0.175,1.049,0.14;0.178,1.058,0.134
B4000077558BC6D0-600613A12A17C812,2,1,0.119,0.961,0.185;0.119,0.961,0.185;0.119,0.961,0.185;0.125,0.968,0.18;0.133,0.983,0.172;0.139,0.992,0.167;0.145,0.999,0.162;0.152,1.009,0.154;0.158,1.016,0.148;0.165,1.028,0.14;0.172,1.036,0.133;0.178,1.046,0.125
B4000077558A1CB0-600613A12A17C812,2,1,0.117,0.956,0.19;0.117,0.956,0.19;0.117,0.957,0.19;0.122,0.967,0.186;0.133,0.984,0.176;0.143,0.996,0.166;0.153,1.01,0.157;0.162,1.021,0.149;0.167,1.029,0.144;0.172,1.038,0.136;0.178,1.046,0.129;0.183,1.053,0.122
B4000077558AFA10-600613A12A17C812,2,1,-0.058,1.005,0.28;-0.058,1.005,0.28;-0.016,1.045,0.294;-0.008,1.052,0.297;0.003,1.06,0.299;0.013,1.069,0.302;0.021,1.075,0.304;0.03,1.082,0.307
B4000077558B0E30-600613A12A17C812,2,1,-0.049,1.004,0.28;-0.049,1.004,0.28;-0.049,1.004,0.28;-0.043,1.013,0.282;-0.034,1.022,0.286;-0.026,1.028,0.289;-0.017,1.036,0.291;-0.005,1.045,0.295;0.007,1.054,0.299;0.018,1.063,0.302;0.026,1.07,0.304;0.035,1.076,0.306;0.044,1.083,0.309
B4000077558B4E10-600613A12A17C812,2,1,-0.05,1.004,0.279;-0.05,1.004,0.279;-0.05,1.004,0.279;-0.041,1.013,0.282;-0.03,1.024,0.287;-0.019,1.035,0.29;-0.008,1.043,0.293;0.004,1.053,0.297;0.013,1.06,0.3;0.022,1.068,0.302;0.031,1.076,0.305;0.041,1.084,0.307
B4000077558A3610-600613A12A17C812,2,1,-0.045,1.008,0.281;-0.045,1.008,0.281;-0.045,1.008,0.281;-0.038,1.02,0.284;-0.023,1.033,0.289;-0.013,1.042,0.292;-0.003,1.049,0.295;0.012,1.06,0.298;0.021,1.067,0.301;0.031,1.075,0.304;0.039,1.082,0.305;0.047,1.088,0.307
B4000077558B2870-600613A12A17C812,2,1,-0.049,1.005,0.281;-0.049,1.005,0.281;-0.049,1.005,0.282;-0.038,1.018,0.285;-0.028,1.028,0.288;-0.018,1.038,0.291;-0.007,1.047,0.294;0.002,1.054,0.297;0.011,1.063,0.299;0.02,1.071,0.302;0.029,1.077,0.304;0.04,1.086,0.307;0.049,1.093,0.309
B4000077558A83F0-600613A12A17C812,2,1,-0.046,1.005,0.282;-0.046,1.005,0.282;-0.046,1.005,0.282;-0.037,1.015,0.285;-0.028,1.024,0.289;-0.017,1.033,0.292;-0.006,1.042,0.296;0.003,1.05,0.298;0.012,1.058,0.301;0.022,1.067,0.304;0.032,1.076,0.305;0.041,1.084,0.307;0.049,1.092,0.308
B400007754C9CBF0-600613A12A17C812,2,1,0.056,1.022,0.3;0.056,1.022,0.3;0.056,1.022,0.3;0.066,1.033,0.299;0.078,1.044,0.3;0.089,1.053,0.3;0.1,1.063,0.3;0.111,1.073,0.3;0.12,1.081,0.3;0.129,1.089,0.3;0.138,1.097,0.301
B4000077558B72D0-600613A12A17C812,2,1,0.263,1.021,0.288;0.263,1.021,0.288;0.263,1.021,0.288;0.271,1.03,0.286;0.283,1.045,0.283;0.294,1.056,0.279;0.304,1.066,0.275;0.316,1.075,0.271;0.328,1.086,0.266;0.339,1.096,0.262;0.346,1.103,0.259
B4000077558BB1D0-600613A12A17C812,2,1,0.121,1.013,0.302;0.121,1.013,0.302;0.121,1.013,0.302;0.133,1.025,0.302;0.146,1.037,0.301;0.156,1.047,0.3;0.168,1.057,0.3;0.18,1.068,0.298;0.193,1.078,0.297;0.202,1.087,0.296;0.212,1.096,0.294
B4000077558B5890-600613A12A17C812,2,1,0.123,1.016,0.301;0.123,1.016,0.301;0.123,1.017,0.301;0.132,1.027,0.3;0.146,1.037,0.298;0.158,1.047,0.297;0.172,1.058,0.295;0.182,1.065,0.294;0.191,1.072,0.293;0.2,1.079,0.292;0.209,1.087,0.291;0.219,1.095,0.289
B4000077558B3BB0-600613A12A17C812,2,1,0.128,1.021,0.3;0.128,1.021,0.3;0.128,1.02,0.3;0.136,1.031,0.3;0.144,1.039,0.299;0.155,1.048,0.298;0.166,1.058,0.297;0.177,1.068,0.296;0.189,1.076,0.295;0.2,1.085,0.293;0.209,1.092,0.292;0.217,1.097,0.291
B4000077558AD470-600613A12A17C812,2,1,0.127,1.015,0.3;0.127,1.015,0.3;0.127,1.015,0.3;0.137,1.028,0.3;0.15,1.038,0.299;0.161,1.047,0.299;0.17,1.056,0.298;0.178,1.065,0.298;0.187,1.072,0.297;0.195,1.08,0.295;0.204,1.088,0.294;0.214,1.097,0.293
B4000077558C1210-600613A12A17C812,2,1,0.084,1.018,0.305;0.084,1.018,0.305;0.084,1.018,0.305;0.094,1.03,0.306;0.104,1.04,0.306;0.115,1.05,0.307;0.123,1.057,0.306;0.131,1.064,0.306;0.142,1.072,0.306;0.152,1.079,0.305;0.162,1.085,0.305;0.172,1.092,0.304
B4000077558B9B10-600613A12A17C812,2,1,0.086,1.013,0.303;0.086,1.013,0.303;0.086,1.013,0.303;0.095,1.025,0.304;0.106,1.034,0.305;0.116,1.042,0.305;0.128,1.051,0.305;0.138,1.059,0.304;0.149,1.067,0.303;0.16,1.074,0.303;0.169,1.081,0.303;0.176,1.088,0.302
B4000077558A14D0-600613A12A17C812,2,1,0.076,1.019,0.303;0.076,1.019,0.303;0.078,1.019,0.303;0.086,1.027,0.303;0.099,1.039,0.303;0.112,1.049,0.304;0.124,1.059,0.305;0.135,1.068,0.305;0.145,1.076,0.305;0.153,1.083,0.305;0.164,1.091,0.306
B4000077558BD930-600613A12A17C812,2,1,0.08,1.014,0.303;0.08,1.014,0.303;0.08,1.015,0.303;0.092,1.026,0.303;0.103,1.036,0.304;0.113,1.046,0.304;0.124,1.056,0.304;0.135,1.065,0.304;0.146,1.074,0.305;0.156,1.082,0.305;0.166,1.091,0.305;0.175,1.098,0.305
B4000077558B9790-600613A12A17C812,2,1,0.076,1.009,0.303;0.076,1.009,0.303;0.076,1.009,0.302;0.081,1.018,0.303;0.094,1.03,0.304;0.106,1.04,0.304;0.116,1.049,0.304;0.125,1.057,0.305;0.135,1.065,0.305;0.143,1.072,0.305;0.154,1.079,0.305;0.164,1.086,0.305;0.172,1.093,0.305
B4000077558A7EB0-600613A12A17C812,2,1,0.081,1.011,0.303;0.081,1.011,0.303;0.081,1.012,0.303;0.092,1.022,0.304;0.101,1.03,0.305;0.11,1.039,0.305;0.125,1.051,0.305;0.136,1.06,0.306;0.147,1.067,0.305;0.156,1.074,0.305;0.167,1.082,0.304;0.177,1.091,0.305
B400007754C92F50-600613A12A17C812,2,1,0.079,1.012,0.304;0.079,1.012,0.304;0.079,1.012,0.304;0.089,1.021,0.305;0.099,1.03,0.305;0.111,1.041,0.306;0.12,1.049,0.306;0.13,1.058,0.306;0.139,1.066,0.306;0.148,1.073,0.306;0.156,1.08,0.306;0.165,1.087,0.306;0.174,1.095,0.305
B4000077558B9CD0-600613A12A17C812,2,1,0.081,1.011,0.304;0.081,1.011,0.304
B4000077558BEE30-600613A12A17C812,2,1,0.074,0.99,0.305;0.074,0.99,0.305;0.074,0.99,0.306;0.085,1,0.306;0.096,1.01,0.308;0.109,1.022,0.308;0.122,1.033,0.309;0.133,1.041,0.309;0.143,1.049,0.309;0.152,1.057,0.31;0.164,1.065,0.31
B4000077558ACD70-600613A12A17C812,2,1,0.079,0.988,0.303;0.079,0.988,0.303;0.079,0.988,0.303;0.089,0.999,0.303;0.099,1.007,0.304;0.112,1.018,0.305;0.123,1.029,0.306;0.135,1.039,0.307;0.145,1.048,0.307;0.154,1.055,0.307;0.164,1.062,0.307;0.173,1.069,0.308;0.181,1.075,0.307
B4000077558BD150-600613A12A17C812,2,1,0.08,0.99,0.304;0.08,0.99,0.304;0.08,0.99,0.304;0.093,1.004,0.304;0.105,1.015,0.305;0.116,1.025,0.305;0.127,1.034,0.306;0.137,1.044,0.307;0.146,1.052,0.307;0.155,1.06,0.307;0.164,1.067,0.307;0.173,1.075,0.306
B4000077558C1130-600613A12A17C812,2,1,0.079,0.99,0.304;0.079,0.99,0.304;0.079,0.99,0.304;0.088,1.003,0.305;0.1,1.015,0.306;0.111,1.026,0.307;0.121,1.035,0.308;0.132,1.044,0.308;0.142,1.053,0.309;0.151,1.061,0.309;0.16,1.07,0.309;0.169,1.077,0.309;0.177,1.085,0.308
B4000077558AEEB0-600613A12A17C812,2,1,0.084,0.993,0.302;0.084,0.993,0.302;0.084,0.993,0.302;0.091,1.001,0.302;0.105,1.014,0.303;0.117,1.025,0.304;0.128,1.034,0.304;0.138,1.042,0.305;0.146,1.049,0.305;0.155,1.057,0.306;0.166,1.067,0.307;0.174,1.076,0.306
B4000077558A8850-600613A12A17C812,2,1,0.081,0.995,0.303;0.081,0.995,0.303;0.081,0.994,0.303;0.091,1.006,0.304;0.104,1.015,0.304;0.115,1.024,0.305;0.123,1.031,0.305;0.131,1.038,0.306;0.14,1.047,0.307;0.15,1.056,0.307;0.159,1.064,0.307;0.168,1.072,0.307;0.176,1.078,0.307
B4000077558C1BB0-600613A12A17C812,2,1,0.082,0.992,0.301;0.082,0.992,0.301;0.082,0.992,0.301;0.092,1.001,0.301;0.105,1.013,0.302;0.118,1.023,0.303;0.127,1.03,0.304;0.136,1.037,0.304;0.147,1.046,0.304;0.155,1.052,0.304;0.163,1.059,0.304;0.17,1.065,0.304;0.179,1.075,0.305
B4000077558C19F0-600613A12A17C812,2,1,0.086,0.989,0.307;0.086,0.989,0.307;0.085,0.989,0.307;0.098,1.002,0.308;0.109,1.013,0.309;0.119,1.021,0.309;0.128,1.027,0.309;0.136,1.035,0.31;0.144,1.042,0.31;0.153,1.049,0.311;0.161,1.057,0.311;0.168,1.064,0.312;0.176,1.07,0.312;0.184,1.078,0.312
B4000077558ABCD0-600613A12A17C812,2,1,0.085,0.989,0.306;0.085,0.989,0.306;0.085,0.989,0.306;0.092,0.999,0.307;0.104,1.009,0.308;0.114,1.018,0.309;0.127,1.028,0.309;0.136,1.035,0.31;0.144,1.042,0.31;0.156,1.054,0.311;0.166,1.063,0.311;0.175,1.072,0.311
B400007754C7B470-600613A12A17C812,2,1,0.087,0.99,0.305;0.087,0.99,0.305;0.087,0.989,0.305;0.097,1,0.306;0.106,1.009,0.307;0.116,1.018,0.308;0.125,1.026,0.308;0.134,1.034,0.309;0.142,1.043,0.31;0.15,1.051,0.31;0.159,1.059,0.311;0.17,1.07,0.311;0.179,1.078,0.311
B4000077558A31B0-600613A12A17C812,2,1,0.088,0.997,0.306;0.088,0.997,0.306;0.088,0.996,0.306;0.1,1.009,0.307;0.111,1.021,0.308;0.122,1.03,0.308;0.132,1.038,0.309;0.141,1.046,0.309;0.151,1.055,0.309;0.16,1.062,0.31;0.168,1.069,0.31;0.175,1.078,0.31
B400007754C95950-600613A12A17C812,2,1,0.082,0.994,0.305;0.082,0.994,0.305;0.083,0.994,0.305;0.09,1.001,0.306;0.102,1.013,0.307;0.113,1.024,0.308;0.123,1.034,0.309;0.133,1.043,0.31;0.143,1.051,0.31;0.152,1.059,0.311;0.164,1.069,0.311;0.173,1.077,0.311
B4000077558A3FB0-600613A12A17C812,2,1,0.084,0.997,0.307;0.084,0.997,0.307;0.084,0.997,0.307;0.093,1.006,0.307;0.101,1.015,0.308;0.111,1.025,0.309;0.122,1.035,0.31;0.131,1.043,0.31;0.141,1.053,0.311;0.151,1.061,0.311;0.161,1.069,0.311;0.169,1.076,0.311;0.177,1.082,0.31
B4000077558C3EB0-600613A12A17C812,2,1,0.086,0.996,0.307;0.086,0.996,0.307;0.086,0.996,0.307;0.092,1.005,0.308;0.106,1.018,0.309;0.118,1.029,0.31;0.129,1.038,0.311;0.14,1.048,0.311;0.149,1.056,0.311;0.159,1.064,0.312;0.168,1.071,0.312;0.176,1.078,0.311
B4000077558B2410-600613A12A17C812,2,1,0.084,0.995,0.305;0.084,0.995,0.305;0.084,0.996,0.305;0.092,1.002,0.306;0.103,1.014,0.307;0.115,1.024,0.308;0.125,1.034,0.309;0.136,1.043,0.31;0.146,1.052,0.31;0.154,1.06,0.311;0.164,1.068,0.311;0.172,1.076,0.31
B4000077558A4170-600613A12A17C812,2,1,0.086,0.995,0.306;0.086,0.995,0.306;0.086,0.996,0.306;0.094,1.007,0.308;0.101,1.015,0.308;0.113,1.024,0.309;0.124,1.033,0.309;0.132,1.04,0.31;0.142,1.049,0.31;0.151,1.057,0.31;0.159,1.064,0.31;0.168,1.071,0.31;0.177,1.08,0.31
B4000077558BBA90-600613A12A17C812,2,1,0.08,0.994,0.306;0.08,0.994,0.306;0.08,0.994,0.306;0.086,1.002,0.306;0.1,1.017,0.308;0.107,1.024,0.308;0.121,1.035,0.308;0.132,1.043,0.309;0.143,1.052,0.309;0.156,1.065,0.309;0.165,1.073,0.309;0.173,1.08,0.309
B4000077558A2730-600613A12A17C812,2,1,0.085,1.001,0.304;0.085,1.001,0.304;0.085,1.001,0.304;0.096,1.014,0.305;0.103,1.021,0.305;0.116,1.033,0.306;0.127,1.044,0.307;0.135,1.051,0.307;0.147,1.062,0.309;0.155,1.07,0.309;0.163,1.078,0.309;0.173,1.086,0.309
B4000077558B6F50-600613A12A17C812,2,1,0.082,0.998,0.303;0.082,0.998,0.303;0.082,0.999,0.302;0.088,1.008,0.303;0.095,1.015,0.304;0.11,1.028,0.305;0.123,1.04,0.306;0.135,1.05,0.306;0.146,1.06,0.307;0.157,1.069,0.308;0.166,1.078,0.308;0.174,1.086,0.308
B4000077558B9870-600613A12A17C812,2,1,0.088,1.001,0.3;0.088,1.001,0.3;0.088,1.001,0.3;0.099,1.016,0.302;0.112,1.027,0.303;0.126,1.039,0.303;0.137,1.048,0.304;0.147,1.056,0.305;0.157,1.065,0.306;0.166,1.072,0.307;0.173,1.078,0.307
B4000077558B3910-600613A12A17C812,2,1,0.082,0.994,0.303;0.082,0.994,0.303;0.081,0.994,0.303;0.088,1.003,0.304;0.095,1.01,0.305;0.102,1.017,0.305;0.115,1.029,0.306;0.127,1.038,0.307;0.137,1.047,0.308;0.146,1.055,0.308;0.155,1.063,0.308;0.168,1.074,0.308;0.177,1.082,0.308
B4000077558C05D0-600613A12A17C812,2,1,0.086,0.995,0.302;0.086,0.995,0.302;0.086,0.995,0.302;0.094,1.001,0.303;0.105,1.015,0.304;0.115,1.024,0.304;0.125,1.034,0.305;0.135,1.043,0.306;0.144,1.052,0.306;0.154,1.062,0.307;0.168,1.074,0.307;0.175,1.083,0.307
B4000077558A7A50-600613A12A17C812,2,1,0.084,0.994,0.303;0.084,0.994,0.303;0.084,0.994,0.303;0.096,1.009,0.304;0.106,1.018,0.304;0.114,1.025,0.306;0.126,1.036,0.306;0.136,1.044,0.307;0.145,1.051,0.308;0.155,1.058,0.308;0.163,1.066,0.309;0.17,1.073,0.31;0.179,1.081,0.309
B4000077558BA750-600613A12A17C812,2,1,0.088,0.995,0.303;0.088,0.995,0.303;0.088,0.996,0.303;0.097,1.009,0.305;0.108,1.019,0.306;0.117,1.027,0.306;0.126,1.034,0.306;0.135,1.042,0.307;0.145,1.05,0.307;0.154,1.058,0.308;0.166,1.068,0.308;0.174,1.078,0.307
B4000077558BF0D0-600613A12A17C812,2,1,0.09,0.995,0.303;0.09,0.995,0.303;0.09,0.995,0.303;0.1,1.006,0.304;0.113,1.019,0.305;0.124,1.03,0.306;0.133,1.038,0.306;0.142,1.045,0.307;0.151,1.052,0.307;0.159,1.059,0.307;0.167,1.067,0.308;0.175,1.077,0.309
B4000077558A1E70-600613A12A17C812,2,1,0.084,0.99,0.303;0.084,0.99,0.303;0.084,0.989,0.303;0.095,1,0.304;0.107,1.011,0.304;0.119,1.022,0.305;0.13,1.031,0.306;0.139,1.039,0.306;0.147,1.046,0.307;0.157,1.053,0.307;0.166,1.06,0.307;0.173,1.067,0.307;0.181,1.074,0.307
B400007754C8AEB0-600613A12A17C812,2,1,0.083,0.994,0.303;0.083,0.994,0.303;0.083,0.994,0.303;0.09,1.003,0.304;0.103,1.016,0.306;0.116,1.029,0.307;0.128,1.04,0.308;0.138,1.05,0.309;0.148,1.058,0.309;0.157,1.066,0.309;0.166,1.072,0.309;0.175,1.079,0.309
B4000077558B0730-600613A12A17C812,2,1,0.084,0.993,0.302;0.084,0.993,0.302;0.084,0.993,0.302;0.094,1.005,0.303;0.103,1.014,0.304;0.112,1.023,0.305;0.123,1.033,0.306;0.131,1.041,0.307;0.139,1.049,0.307;0.153,1.06,0.307;0.162,1.067,0.308;0.171,1.074,0.308
B4000077558A8BD0-600613A12A17C812,2,1,0.083,0.992,0.302;0.083,0.992,0.302;0.083,0.992,0.302;0.089,1,0.302;0.1,1.011,0.304;0.112,1.023,0.305;0.123,1.033,0.306;0.132,1.04,0.306;0.141,1.048,0.306;0.151,1.056,0.307;0.16,1.064,0.307;0.168,1.072,0.308
B4000077558BD3F0-600613A12A17C812,2,1,0.086,0.991,0.3;0.086,0.991,0.3;0.086,0.992,0.3;0.101,1.004,0.302;0.114,1.015,0.303;0.124,1.025,0.304;0.136,1.034,0.305;0.146,1.042,0.306;0.157,1.05,0.306;0.166,1.058,0.306;0.178,1.068,0.306;0.185,1.075,0.306
B4000077558B81B0-600613A12A17C812,2,1,0.084,0.99,0.302;0.084,0.99,0.302;0.084,0.99,0.302;0.096,1.004,0.304;0.108,1.016,0.305;0.117,1.026,0.306;0.127,1.034,0.307;0.138,1.042,0.307;0.15,1.05,0.307;0.158,1.057,0.308;0.166,1.064,0.308;0.175,1.071,0.308
B4000077558A1F50-600613A12A17C812,2,1,0.088,0.9859999,0.302;0.088,0.9859999,0.302;0.088,0.9859999,0.302;0.091,0.996,0.3;0.097,0.989,0.29;0.1,0.999,0.284;0.108,1.006,0.275;0.115,1.012,0.266;0.122,1.015,0.255;0.128,1.015,0.245;0.134,1.022,0.235;0.141,1.028,0.225;0.148,1.034,0.214;0.156,1.046,0.205;0.165,1.058,0.195;0.172,1.073,0.186;0.178,1.085,0.178;0.182,1.096,0.171;0.186,1.105,0.163;0.188,1.113,0.155;0.186,1.124,0.146;0.184,1.135,0.136;0.184,1.139,0.125;0.183,1.146,0.114;0.179,1.153,0.103;0.175,1.156,0.09;0.173,1.161,0.078;0.174,1.17,0.068;0.179,1.185,0.055;0.186,1.199,0.039;0.193,1.211,0.026;0.201,1.223,0.009;0.206,1.228,0.001;0.211,1.234,-0.01;0.217,1.237,-0.019;0.224,1.241,-0.026;0.23,1.244,-0.035;0.237,1.242,-0.043;0.247,1.237,-0.058;0.258,1.223,-0.069;0.266,1.211,-0.075;0.273,1.196,-0.08;0.278,1.182,-0.082;0.282,1.167,-0.084;0.285,1.157,-0.084;0.283,1.144,-0.081;0.278,1.134,-0.076;0.271,1.125,-0.068;0.262,1.122,-0.057;0.255,1.121,-0.046;0.248,1.121,-0.036;0.24,1.118,-0.024;0.233,1.115,-0.012;0.226,1.113,0.004;0.22,1.112,0.018;0.213,1.109,0.034;0.206,1.106,0.051;0.204,1.106,0.068;0.201,1.11,0.085;0.196,1.115,0.103;0.19,1.119,0.122;0.188,1.125,0.136;0.19,1.135,0.151;0.191,1.141,0.159;0.195,1.149,0.17;0.198,1.165,0.183;0.201,1.174,0.189;0.205,1.191,0.198;0.207,1.202,0.203;0.21,1.211,0.209;0.212,1.22,0.213;0.214,1.23,0.218;0.214,1.24,0.226;0.213,1.25,0.231;0.214,1.265,0.241;0.212,1.274,0.245;0.21,1.285,0.247;0.207,1.303,0.249;0.206,1.315,0.252;0.203,1.326,0.251;0.199,1.336,0.25;0.195,1.346,0.25;0.185,1.361,0.249;0.178,1.369,0.25;0.17,1.374,0.254;0.155,1.381,0.261;0.14,1.382,0.273;0.126,1.378,0.282
B40000775589FD30-600613A12A17C812,2,1,-0.015,1.001,0.272;-0.015,1.001,0.272;0.015,1.029,0.279;0.025,1.039,0.28;0.037,1.05,0.281;0.045,1.059,0.282;0.053,1.067,0.283;0.061,1.075,0.284;0.072,1.085,0.284;0.081,1.093,0.285;0.089,1.097,0.291
B4000077558A6B70-600613A12A17C812,2,1,-0.006,1.01,0.275;-0.006,1.01,0.275;-0.006,1.01,0.275;0,1.018,0.277;0.012,1.03,0.278;0.023,1.04,0.28;0.034,1.049,0.282;0.043,1.059,0.283;0.051,1.067,0.284;0.059,1.076,0.285;0.068,1.084,0.286;0.075,1.091,0.286;0.083,1.097,0.286
B4000077558A3DF0-600613A12A17C812,2,1,-0.007,1.012,0.274;-0.007,1.012,0.274;-0.007,1.012,0.274;0.002,1.024,0.276;0.012,1.033,0.278;0.02,1.039,0.279;0.027,1.047,0.28;0.035,1.054,0.281;0.042,1.061,0.282;0.051,1.069,0.283;0.061,1.077,0.285;0.069,1.084,0.285;0.078,1.092,0.286
B4000077558BB470-600613A12A17C812,2,1,-0.008,1.015,0.274;-0.008,1.015,0.274;-0.008,1.015,0.274;0.005,1.026,0.275;0.012,1.035,0.276;0.026,1.048,0.278;0.035,1.054,0.28;0.045,1.061,0.282;0.056,1.071,0.284;0.064,1.08,0.286;0.072,1.09,0.287;0.078,1.099,0.288
B4000077558A8070-600613A12A17C812,2,1,-0.012,1.017,0.275;-0.012,1.017,0.275;-0.012,1.017,0.275;-0.003,1.029,0.277;0.011,1.041,0.279;0.023,1.05,0.28;0.033,1.058,0.282;0.043,1.067,0.283;0.053,1.075,0.284;0.063,1.085,0.285;0.072,1.093,0.286;0.08,1.1,0.286
B400007754C9B530-600613A12A17C812,2,1,0.001,1.015,0.281;0.001,1.015,0.281;0.026,1.04,0.288;0.037,1.05,0.29;0.05,1.062,0.293;0.061,1.072,0.296;0.071,1.081,0.298;0.08,1.09,0.301;0.087,1.098,0.302
B4000077558AC910-600613A12A17C812,2,1,-0.024,1.022,0.284;-0.024,1.022,0.284;-0.024,1.021,0.286;-0.016,1.029,0.287;-0.008,1.038,0.289;0,1.048,0.292;0.011,1.059,0.294;0.021,1.067,0.297;0.032,1.076,0.299;0.041,1.084,0.3;0.05,1.092,0.302;0.059,1.099,0.302
B4000077558AC670-600613A12A17C812,2,1,0,1.037,-0.058;0,1.037,-0.058;0,1.037,-0.058;0.014,1.047,-0.056;0.021,1.055,-0.054;0.032,1.064,-0.052;0.04,1.071,-0.051;0.051,1.08,-0.049;0.063,1.091,-0.047;0.073,1.1,-0.046;0.083,1.109,-0.045;0.091,1.117,-0.044
B400007754C8CF10-600613A12A17C812,2,1,0.008,1.046,-0.065;0.008,1.046,-0.065;0.009,1.046,-0.064;0.022,1.056,-0.063;0.036,1.069,-0.061;0.052,1.084,-0.058;0.063,1.095,-0.057;0.073,1.103,-0.055;0.085,1.113,-0.054;0.093,1.119,-0.053
B4000077558BEAB0-600613A12A17C812,2,1,0.015,1.051,-0.064;0.015,1.051,-0.064;0.015,1.051,-0.064;0.021,1.058,-0.063;0.03,1.067,-0.061;0.046,1.082,-0.059;0.057,1.092,-0.058;0.068,1.1,-0.056;0.079,1.11,-0.055;0.088,1.118,-0.053;0.098,1.126,-0.052
B4000077558A8BD0-600613A12A17C812,2,1,0.011,1.046,-0.063;0.011,1.046,-0.063;0.011,1.046,-0.063;0.021,1.057,-0.062;0.028,1.064,-0.061;0.035,1.071,-0.059;0.049,1.083,-0.057;0.06,1.094,-0.056;0.075,1.105,-0.054;0.085,1.112,-0.052;0.093,1.121,-0.051;0.1,1.128,-0.051
B4000077558BCC10-600613A12A17C812,2,1,0.015,1.045,-0.064;0.015,1.045,-0.064;0.015,1.045,-0.064;0.028,1.058,-0.064;0.036,1.066,-0.063;0.045,1.074,-0.062;0.056,1.084,-0.061;0.067,1.095,-0.059;0.076,1.103,-0.057;0.087,1.113,-0.056;0.096,1.12,-0.055
B4000077558AA530-600613A12A17C812,2,1,0.016,1.05,-0.064;0.016,1.05,-0.064;0.016,1.051,-0.064;0.026,1.062,-0.063;0.039,1.074,-0.061;0.052,1.085,-0.06;0.065,1.095,-0.059;0.077,1.105,-0.058;0.089,1.113,-0.057;0.099,1.12,-0.056
B4000077558B1D10-600613A12A17C812,2,1,0.017,1.05,-0.064;0.017,1.05,-0.064;0.017,1.05,-0.064;0.028,1.063,-0.063;0.035,1.071,-0.061;0.044,1.079,-0.06;0.058,1.09,-0.059;0.07,1.1,-0.057;0.081,1.108,-0.055;0.091,1.116,-0.054;0.1,1.123,-0.053
B4000077558B9790-600613A12A17C812,2,1,0.018,1.046,-0.064;0.018,1.046,-0.064;0.018,1.046,-0.064;0.023,1.054,-0.063;0.035,1.068,-0.062;0.047,1.08,-0.06;0.058,1.091,-0.058;0.07,1.102,-0.057;0.081,1.11,-0.056;0.091,1.118,-0.055;0.102,1.125,-0.053
B4000077558A92D0-600613A12A17C812,2,1,0.017,1.046,-0.064;0.017,1.046,-0.064;0.017,1.046,-0.064;0.026,1.052,-0.063;0.033,1.062,-0.062;0.042,1.073,-0.061;0.049,1.081,-0.06;0.058,1.089,-0.058;0.071,1.1,-0.056;0.08,1.107,-0.055;0.089,1.113,-0.054;0.098,1.119,-0.053;0.106,1.125,-0.052
B4000077558A5670-600613A12A17C812,2,1,0.018,1.047,-0.064;0.018,1.047,-0.064;0.018,1.047,-0.064;0.025,1.055,-0.063;0.035,1.065,-0.061;0.044,1.073,-0.06;0.054,1.081,-0.059;0.067,1.091,-0.057;0.077,1.099,-0.056;0.087,1.107,-0.054;0.097,1.114,-0.054;0.105,1.124,-0.052
B4000077558AB410-600613A12A17C812,2,1,0.016,1.042,-0.063;0.016,1.042,-0.063;0.016,1.042,-0.063;0.027,1.056,-0.062;0.037,1.068,-0.06;0.045,1.077,-0.059;0.055,1.087,-0.057;0.066,1.097,-0.056;0.077,1.105,-0.055;0.085,1.111,-0.055;0.097,1.121,-0.053
B4000077558A9D50-600613A12A17C812,2,1,0.016,1.038,-0.064;0.016,1.038,-0.064
B4000077558C0090-600613A12A17C812,2,1,0.019,1.037,-0.065;0.019,1.037,-0.065;0.019,1.037,-0.065;0.027,1.046,-0.064;0.035,1.053,-0.063;0.049,1.065,-0.061;0.062,1.076,-0.059;0.074,1.086,-0.058;0.085,1.095,-0.056;0.095,1.104,-0.055;0.103,1.112,-0.054;0.112,1.12,-0.053
B4000077558C45B0-600613A12A17C812,2,1,0.02,1.039,-0.064;0.02,1.039,-0.064;0.02,1.039,-0.065;0.031,1.053,-0.063;0.044,1.066,-0.061;0.052,1.075,-0.059;0.06,1.083,-0.058;0.067,1.091,-0.057;0.076,1.099,-0.056;0.085,1.107,-0.055;0.094,1.115,-0.054;0.104,1.123,-0.053
B4000077558B6E70-600613A12A17C812,2,1,0.019,1.037,-0.064;0.019,1.037,-0.064;0.02,1.037,-0.064;0.029,1.048,-0.063;0.039,1.059,-0.062;0.048,1.069,-0.06;0.058,1.078,-0.059;0.066,1.088,-0.057;0.075,1.097,-0.056;0.083,1.104,-0.054;0.092,1.112,-0.053;0.099,1.118,-0.052
B4000077558C4F50-600613A12A17C812,2,1,0.02,1.041,-0.064;0.02,1.041,-0.064;0.02,1.041,-0.064;0.032,1.052,-0.062;0.042,1.063,-0.061;0.054,1.073,-0.059;0.066,1.083,-0.058;0.077,1.093,-0.057;0.085,1.101,-0.055;0.094,1.11,-0.054;0.101,1.117,-0.053
B4000077558B1450-600613A12A17C812,2,1,0.023,1.04,-0.064;0.023,1.04,-0.064;0.023,1.04,-0.064;0.033,1.052,-0.062;0.045,1.063,-0.06;0.052,1.071,-0.059;0.064,1.082,-0.057;0.073,1.09,-0.056;0.083,1.1,-0.055;0.094,1.109,-0.053;0.102,1.117,-0.052
B4000077558C1830-600613A12A17C812,2,1,0.024,1.039,-0.065;0.024,1.039,-0.065;0.024,1.039,-0.065;0.036,1.053,-0.064;0.048,1.065,-0.061;0.061,1.076,-0.06;0.071,1.086,-0.058;0.08,1.096,-0.056;0.089,1.104,-0.054;0.097,1.111,-0.053;0.106,1.119,-0.052
B4000077558BE030-600613A12A17C812,2,1,0.021,1.045,-0.064;0.021,1.045,-0.064;0.021,1.045,-0.064;0.031,1.057,-0.063;0.043,1.067,-0.061;0.058,1.079,-0.059;0.071,1.091,-0.057;0.08,1.099,-0.056;0.093,1.11,-0.054;0.101,1.117,-0.053;0.111,1.125,-0.052
B4000077558A5750-600613A12A17C812,2,1,0.024,1.045,-0.064;0.024,1.045,-0.064;0.024,1.045,-0.064;0.033,1.055,-0.063;0.042,1.064,-0.062;0.054,1.075,-0.06;0.064,1.085,-0.059;0.074,1.095,-0.057;0.083,1.104,-0.056;0.092,1.113,-0.054;0.101,1.122,-0.053
B4000077558BC890-600613A12A17C812,2,1,0.021,1.048,-0.064;0.021,1.048,-0.064;0.021,1.048,-0.064;0.033,1.062,-0.062;0.044,1.072,-0.06;0.053,1.081,-0.059;0.063,1.09,-0.057;0.073,1.1,-0.056;0.084,1.11,-0.054;0.093,1.118,-0.053;0.102,1.125,-0.052
B4000077558BE490-600613A12A17C812,2,1,0.024,1.043,-0.064;0.024,1.043,-0.064;0.024,1.044,-0.065;0.032,1.053,-0.063;0.041,1.063,-0.062;0.049,1.072,-0.06;0.058,1.081,-0.059;0.066,1.09,-0.058;0.076,1.1,-0.056;0.085,1.11,-0.055;0.092,1.117,-0.053;0.102,1.125,-0.052
B4000077558C5B90-600613A12A17C812,2,1,0.026,1.046,-0.063;0.026,1.046,-0.063;0.026,1.046,-0.063;0.037,1.059,-0.062;0.048,1.07,-0.061;0.062,1.082,-0.059;0.074,1.091,-0.058;0.084,1.099,-0.057;0.093,1.108,-0.055;0.102,1.116,-0.054
B4000077558BFFB0-600613A12A17C812,2,1,0.027,1.047,-0.063;0.027,1.047,-0.063;0.027,1.047,-0.064;0.038,1.058,-0.062;0.048,1.067,-0.061;0.055,1.074,-0.06;0.064,1.084,-0.059;0.073,1.093,-0.057;0.084,1.104,-0.056;0.092,1.111,-0.055;0.101,1.119,-0.054;0.108,1.125,-0.053
B4000077558B87D0-600613A12A17C812,3,1,0.022,1.046,-0.064;0.022,1.046,-0.064;0.023,1.046,-0.064;0.035,1.061,-0.061;0.045,1.072,-0.059;0.056,1.082,-0.058;0.066,1.09,-0.056;0.075,1.097,-0.055;0.084,1.105,-0.054;0.093,1.112,-0.053;0.103,1.12,-0.052;0.111,1.128,-0.052
B400007754C8D0D0-600613A12A17C812,3,1,0.025,1.052,-0.063;0.025,1.052,-0.063;0.025,1.052,-0.064;0.036,1.065,-0.062;0.045,1.076,-0.059;0.06,1.091,-0.057;0.071,1.101,-0.055;0.083,1.11,-0.054;0.093,1.118,-0.053;0.102,1.124,-0.053
B4000077558ABE90-600613A12A17C812,3,1,0.021,1.054,-0.062;0.021,1.054,-0.062;0.021,1.054,-0.062;0.034,1.067,-0.061;0.047,1.079,-0.059;0.057,1.088,-0.058;0.071,1.099,-0.056;0.083,1.107,-0.055;0.092,1.115,-0.054;0.101,1.122,-0.054;0.11,1.129,-0.053
B4000077558C8F30-600613A12A17C812,3,1,0.024,1.044,-0.063;0.024,1.044,-0.063;0.024,1.043,-0.064;0.029,1.054,-0.063;0.041,1.065,-0.062;0.051,1.074,-0.06;0.061,1.083,-0.059;0.075,1.093,-0.058;0.087,1.104,-0.056;0.096,1.112,-0.054;0.105,1.118,-0.053
B4000077558A29D0-600613A12A17C812,3,1,0.024,1.046,-0.064;0.024,1.046,-0.064;0.024,1.046,-0.064;0.032,1.055,-0.063;0.04,1.063,-0.062;0.052,1.075,-0.06;0.064,1.086,-0.058;0.074,1.096,-0.057;0.082,1.102,-0.056;0.093,1.111,-0.054;0.101,1.118,-0.053
B4000077558B4630-600613A12A17C812,3,1,0.029,1.05,-0.063;0.029,1.05,-0.063;0.029,1.051,-0.063;0.036,1.059,-0.062;0.048,1.071,-0.061;0.059,1.081,-0.059;0.071,1.091,-0.058;0.081,1.098,-0.056;0.089,1.105,-0.055;0.098,1.112,-0.055;0.106,1.119,-0.054;0.115,1.125,-0.053
B4000077558ABA30-600613A12A17C812,3,1,0.023,1.046,-0.065;0.023,1.046,-0.065;0.023,1.046,-0.065;0.032,1.057,-0.062;0.041,1.065,-0.061;0.056,1.078,-0.059;0.07,1.09,-0.057;0.078,1.097,-0.056;0.086,1.103,-0.055;0.095,1.112,-0.054;0.103,1.119,-0.053;0.112,1.124,-0.053
B4000077558B6A10-600613A12A17C812,3,1,0.023,1.047,-0.064;0.023,1.047,-0.064;0.023,1.047,-0.064;0.03,1.058,-0.062;0.044,1.071,-0.06;0.057,1.083,-0.059;0.068,1.094,-0.057;0.078,1.102,-0.056;0.087,1.109,-0.055;0.096,1.116,-0.054;0.103,1.122,-0.053
B4000077558C8E50-600613A12A17C812,3,1,0.02,1.044,-0.063;0.02,1.044,-0.063;0.02,1.044,-0.063;0.031,1.058,-0.061;0.04,1.068,-0.061;0.048,1.076,-0.06;0.057,1.087,-0.058;0.068,1.097,-0.057;0.079,1.108,-0.056;0.09,1.118,-0.054;0.099,1.125,-0.054
B4000077558B80D0-600613A12A17C812,3,1,0.022,1.046,-0.064;0.022,1.046,-0.064;0.022,1.046,-0.064;0.03,1.061,-0.061;0.041,1.071,-0.06;0.053,1.082,-0.059;0.063,1.09,-0.057;0.073,1.098,-0.056;0.084,1.107,-0.055;0.093,1.116,-0.054;0.102,1.122,-0.053
B4000077558A9650-600613A12A17C812,4,1,0.024,1.048,-0.064;0.024,1.048,-0.064;0.024,1.048,-0.064;0.032,1.058,-0.062;0.044,1.069,-0.06;0.055,1.078,-0.059;0.065,1.088,-0.058;0.075,1.097,-0.056;0.086,1.106,-0.055;0.096,1.115,-0.054;0.106,1.124,-0.052
B4000077558C68B0-600613A12A17C812,4,1,0.025,1.052,-0.063;0.025,1.052,-0.063;0.025,1.053,-0.063;0.035,1.065,-0.061;0.046,1.078,-0.059;0.056,1.089,-0.057;0.067,1.099,-0.056;0.079,1.109,-0.055;0.089,1.118,-0.054;0.1,1.128,-0.053;0.109,1.134,-0.052
B4000077558BB470-600613A12A17C812,5,1,0.025,1.055,-0.062;0.025,1.055,-0.062;0.025,1.055,-0.062;0.035,1.066,-0.061;0.051,1.08,-0.059;0.065,1.091,-0.058;0.077,1.101,-0.057;0.088,1.109,-0.056;0.099,1.119,-0.055;0.106,1.127,-0.054
B4000077558C8750-600613A12A17C812,5,1,0.024,1.05,-0.063;0.024,1.05,-0.063;0.024,1.051,-0.063;0.029,1.06,-0.062;0.036,1.068,-0.061;0.05,1.08,-0.059;0.068,1.096,-0.057;0.079,1.105,-0.056;0.094,1.117,-0.055;0.105,1.127,-0.053;0.113,1.135,-0.052
B4000077558C6A70-600613A12A17C812,5,1,0.023,1.05,-0.064;0.023,1.05,-0.064;0.023,1.05,-0.064;0.034,1.062,-0.062;0.042,1.069,-0.061;0.051,1.078,-0.06;0.062,1.086,-0.059;0.071,1.095,-0.058;0.082,1.107,-0.057;0.094,1.117,-0.056;0.102,1.122,-0.055;0.113,1.128,-0.054
B4000077558AE350-600613A12A17C812,5,1,0.023,1.051,-0.065;0.023,1.051,-0.065;0.023,1.051,-0.065;0.034,1.063,-0.063;0.041,1.071,-0.061;0.049,1.078,-0.06;0.057,1.086,-0.059;0.064,1.094,-0.058;0.077,1.106,-0.056;0.089,1.117,-0.055;0.098,1.124,-0.053;0.107,1.13,-0.052
B4000077558BF610-600613A12A17C812,5,1,0.02,1.053,-0.064;0.02,1.053,-0.064;0.02,1.053,-0.064;0.028,1.061,-0.063;0.038,1.071,-0.061;0.051,1.083,-0.06;0.063,1.092,-0.059;0.073,1.1,-0.057;0.084,1.108,-0.056;0.093,1.116,-0.055;0.101,1.122,-0.054
B4000077558A5830-600613A12A17C812,5,1,0.018,1.043,-0.064;0.018,1.043,-0.064;0.018,1.043,-0.064;0.031,1.056,-0.063;0.044,1.068,-0.061;0.057,1.079,-0.059;0.068,1.089,-0.058;0.079,1.1,-0.057;0.091,1.111,-0.055;0.102,1.121,-0.054
B4000077558A84D0-600613A12A17C812,1,1,0.015,1.046,-0.064;0.015,1.046,-0.064;0.015,1.046,-0.064;0.027,1.056,-0.062;0.037,1.066,-0.061;0.046,1.075,-0.06;0.055,1.082,-0.059;0.068,1.093,-0.057;0.078,1.101,-0.056;0.085,1.108,-0.055;0.097,1.117,-0.054;0.106,1.125,-0.053
B4000077558BE650-600613A12A17C812,1,1,0.02,1.045,-0.065;0.02,1.045,-0.065;0.02,1.045,-0.064;0.031,1.055,-0.062;0.046,1.071,-0.06;0.056,1.08,-0.059;0.065,1.088,-0.058;0.072,1.095,-0.057;0.082,1.102,-0.056;0.091,1.106,-0.055;0.099,1.112,-0.054;0.11,1.119,-0.053
B4000077558B9090-600613A12A17C812,1,1,0.019,1.047,-0.064;0.019,1.047,-0.064;0.019,1.048,-0.064;0.03,1.064,-0.062;0.042,1.075,-0.06;0.055,1.087,-0.059;0.067,1.097,-0.058;0.078,1.105,-0.056;0.088,1.114,-0.055;0.098,1.121,-0.054;0.106,1.128,-0.053
B4000077558B6F50-600613A12A17C812,1,1,0.02,1.048,-0.064;0.02,1.048,-0.064;0.02,1.048,-0.064;0.026,1.057,-0.063;0.033,1.064,-0.062;0.04,1.072,-0.06;0.047,1.079,-0.059;0.054,1.086,-0.059;0.067,1.098,-0.057;0.078,1.107,-0.056;0.088,1.116,-0.055;0.098,1.124,-0.054;0.108,1.133,-0.054
B4000077558B9CD0-600613A12A17C812,1,1,0.02,1.048,-0.064;0.02,1.048,-0.064;0.02,1.048,-0.064;0.03,1.059,-0.063;0.039,1.07,-0.061;0.052,1.082,-0.06;0.064,1.092,-0.058;0.077,1.103,-0.057;0.088,1.113,-0.055;0.1,1.122,-0.054;0.11,1.129,-0.053
B4000077558C5730-600613A12A17C812,1,1,0.022,1.05,-0.065;0.022,1.05,-0.065;0.022,1.05,-0.065;0.032,1.06,-0.063;0.042,1.071,-0.062;0.055,1.084,-0.06;0.063,1.091,-0.06;0.071,1.099,-0.058;0.085,1.111,-0.057;0.095,1.119,-0.056;0.105,1.126,-0.054
B4000077558B8990-600613A12A17C812,1,1,0.021,1.049,-0.063;0.021,1.049,-0.063;0.021,1.049,-0.063;0.032,1.06,-0.062;0.04,1.069,-0.061;0.052,1.079,-0.059;0.062,1.089,-0.058;0.073,1.099,-0.057;0.085,1.109,-0.056;0.096,1.117,-0.055;0.105,1.124,-0.054;0.113,1.13,-0.053
B4000077558A9570-600613A12A17C812,1,1,0.022,1.052,-0.063;0.022,1.052,-0.063;0.022,1.052,-0.063;0.032,1.064,-0.061;0.043,1.074,-0.06;0.056,1.083,-0.059;0.068,1.092,-0.058;0.079,1.101,-0.056;0.09,1.11,-0.055;0.101,1.12,-0.054;0.109,1.127,-0.053
B400007754C8BA10-600613A12A17C812,2,1,0.001,1.011,0.279;0.001,1.011,0.279;0.068,1.076,0.298;0.078,1.084,0.301;0.089,1.091,0.302
B4000077558A6550-600613A12A17C812,2,1,-0.01,0.993,0.274;-0.01,0.993,0.274;-0.01,0.993,0.274;-0.003,1.005,0.277;0.005,1.013,0.28;0.013,1.022,0.282;0.022,1.031,0.285;0.031,1.039,0.287;0.044,1.051,0.291;0.053,1.058,0.293;0.063,1.065,0.295;0.073,1.073,0.298;0.082,1.079,0.3;0.091,1.087,0.302
B4000077558BF6F0-600613A12A17C812,2,1,-0.013,0.99,0.272;-0.013,0.99,0.272;-0.014,0.994,0.269;-0.002,0.998,0.268;0.003,1.007,0.271;0.01,1.017,0.274;0.02,1.029,0.277;0.027,1.038,0.28;0.036,1.051,0.283;0.054,1.067,0.288;0.065,1.074,0.29;0.075,1.08,0.292;0.085,1.087,0.294
B4000077558B34B0-600613A12A17C812,2,1,0.001,1.086,0.296;0.001,1.086,0.296;0.002,1.086,0.296;0.011,1.079,0.292;0.027,1.061,0.287;0.034,1.051,0.284;0.04,1.042,0.282;0.054,1.028,0.277;0.061,1.019,0.274;0.069,1.009,0.272;0.077,1.003,0.269;0.089,0.992,0.266
B4000077558AD8D0-600613A12A17C812,2,1,-0.002,1.097,0.299;-0.002,1.097,0.299;0.014,1.079,0.293;0.026,1.068,0.29;0.035,1.058,0.286;0.046,1.042,0.281;0.053,1.033,0.278;0.061,1.025,0.273;0.07,1.016,0.27;0.081,1.005,0.267;0.087,0.997,0.264
B4000077558AE0B0-600613A12A17C812,2,1,0.146,1.156,0.303;0.146,1.156,0.303;0.146,1.157,0.303
B4000077558ABB10-600613A12A17C812,2,1,0.154,1.139,0.299;0.154,1.139,0.299
B4000077558BDCB0-600613A12A17C812,1,1,0.008,1.001,0.275;0.008,1.001,0.275;0.008,1.001,0.275;0.019,1.01,0.278;0.028,1.021,0.282;0.039,1.032,0.285;0.049,1.042,0.288;0.057,1.053,0.292;0.067,1.064,0.294;0.076,1.075,0.297;0.085,1.084,0.299;0.093,1.091,0.3
B4000077558B3F30-600613A12A17C812,1,1,0.008,1.006,0.276;0.008,1.006,0.276;0.087,1.083,0.301;0.095,1.09,0.303
B400007754C92930-600613A12A17C812,1,1,0.01,1.003,0.275;0.01,1.003,0.275;0.01,1.004,0.275;0.018,1.016,0.278;0.025,1.023,0.281;0.032,1.031,0.283;0.039,1.038,0.285;0.047,1.046,0.288;0.055,1.053,0.29;0.069,1.066,0.294;0.081,1.077,0.297;0.091,1.084,0.299
B4000077558A4DB0-600613A12A17C812,1,1,0.012,1.004,0.274;0.012,1.004,0.274;0.012,1.004,0.274;0.021,1.017,0.278;0.033,1.029,0.282;0.043,1.04,0.286;0.054,1.05,0.289;0.064,1.06,0.292;0.072,1.066,0.294;0.08,1.073,0.296;0.088,1.079,0.298;0.095,1.086,0.299
B4000077558C05D0-600613A12A17C812,1,1,0.011,0.999,0.271;0.011,0.999,0.271;0.012,1,0.271;0.019,1.01,0.275;0,1,0.269;-0.008,0.947,0.267;-0.002,0.956,0.27;0.005,0.965,0.272;0.012,0.972,0.275;0.02,0.98,0.277;0.03,0.99,0.28;0.042,0.999,0.283;0.051,1.006,0.285;0.061,1.013,0.287
B4000077558AF850-600613A12A17C812,4,1,-0.021,0.951,0.261;-0.021,0.951,0.261;-0.021,0.951,0.26;-0.013,0.959,0.263;-0.006,0.967,0.266;0.004,0.976,0.27;0.011,0.985,0.273;0.021,0.994,0.277;0.032,1.005,0.28;0.039,1.013,0.283;0.046,1.02,0.286;0.053,1.027,0.288;0.063,1.037,0.291;0.071,1.044,0.293
B4000077558BD930-600613A12A17C812,4,1,-0.016,0.962,0.261;-0.016,0.962,0.261;-0.016,0.9629999,0.261;-0.007,0.973,0.265;0.002,0.983,0.269;0.011,0.992,0.272;0.017,1,0.275;0.027,1.01,0.279;0.035,1.018,0.281;0.043,1.025,0.284;0.05,1.032,0.287;0.059,1.04,0.29;0.065,1.048,0.292
B4000077558A8E70-600613A12A17C812,5,1,-0.011,0.972,0.263;-0.011,0.972,0.263;-0.011,0.973,0.263;0,0.9809999,0.267;0.008,0.989,0.27;0.02,0.999,0.274;0.029,1.008,0.278;0.039,1.017,0.281;0.047,1.024,0.284;0.054,1.032,0.287;0.064,1.042,0.29;0.07,1.052,0.293
B4000077558A3B50-600613A12A17C812,5,1,-0.016,0.982,0.265;-0.016,0.982,0.265;-0.016,0.982,0.265;-0.008,0.99,0.268;-0.002,0.998,0.271;0.004,1.006,0.275;0.011,1.014,0.277;0.018,1.023,0.28;0.025,1.03,0.283;0.033,1.037,0.285;0.044,1.046,0.289;0.055,1.054,0.292;0.066,1.059,0.294
B4000077558A7970-600613A12A17C812,5,1,-0.013,0.987,0.266;-0.013,0.987,0.266;-0.013,0.987,0.266;-0.009,0.999,0.271;-0.003,1.012,0.276;0.003,1.021,0.28;0.011,1.03,0.283;0.018,1.037,0.285;0.026,1.044,0.288;0.037,1.051,0.291;0.049,1.058,0.293;0.06,1.063,0.295;0.069,1.065,0.296
B4000077558BF610-600613A12A17C812,5,1,-0.007,0.988,0.267;-0.007,0.988,0.267;-0.007,0.988,0.267;0.002,0.997,0.27;0.012,1.007,0.274;0.02,1.015,0.277;0.03,1.025,0.281;0.042,1.034,0.284;0.053,1.042,0.287;0.062,1.05,0.29;0.07,1.056,0.292
